0,0,0,0,-1,0,9.91E-18,0.376846457,0.043886825,0.066643817,0.044373321,-0.048402843,-0.082846544,0.028799969,0.022053928,0.131097105,0.012401645,0.022360322,0.016917212,0.004360733,-0.012744896,0.017462569,0.011045653,0.011427948,-0.002298534,0.003211567,0.016326251,0.009154471
0,0,0,0,-1,-1.97E-17,-9.86E-18,0.373177137,-0.002971038,0.0303983,0.020024342,-0.055816004,-0.095618792,-0.001855107,0.009915558,0.12646787,0.002487004,-0.000346239,0.001375137,0.021117392,-0.008689496,0.004150913,-0.011642557,0.021002099,-0.003050864,-0.003079944,0.003063571,0.010126627
0,0,0,0,-1,3.94E-17,2.96E-17,0.377276159,-0.00187568,0.038268724,0.023886543,-0.054006513,-0.092212873,-0.004803138,0.01037767,0.124006164,0.008437353,-0.002421402,0.005325734,0.02504312,-0.006532244,0.007708932,-0.010802245,0.019813266,-0.001078094,0.000130237,0.001900607,0.011720873
0,0,0,0,-1,1.98E-17,-3.97E-17,0.381878809,0.000335575,0.023856899,0.019922808,-0.050360216,-0.090878492,0.001513459,0.00906295,0.124795397,0.002741507,0.002251963,-0.002341856,0.024439796,-0.007390337,0.007372917,-0.012140048,0.019778679,-0.003951192,0.000752449,-0.000152186,0.009472654
0,0,0,0,-1,9.93E-18,2.48E-17,0.385527946,-0.003688676,0.023857976,0.012401193,-0.050219031,-0.09262078,-0.001001156,0.005904009,0.123174966,0.001988969,-0.004611553,-0.004673793,0.019060512,-0.00867161,0.00658289,-0.011206535,0.021935438,-0.00474445,0.001054993,-0.002622823,0.011242569
0,0,0,0,-1,1.97E-17,3.69E-17,0.380771999,-0.012603053,0.046531076,0.031746625,-0.042810741,-0.09434607,0.003630747,0.002825776,0.11684281,-0.001150163,-0.001309664,0.008556856,0.024046956,-0.004413093,0.008521666,-0.011624102,0.018559027,-0.007106944,9.18E-05,0.006908233,0.012691906
0,0,0,0,-1,4.94E-18,-1.24E-17,0.379776701,-0.00645163,0.041730597,0.028525061,-0.046211827,-0.094673619,0.003162467,0.012045145,0.123738585,0.00341448,0.001113825,0.003371307,0.021475563,-0.009762828,0.008136515,-0.009259452,0.021474781,-0.00289754,0.001613926,0.001220724,0.009833041
0,0,0,0,-1,1.99E-17,9.93E-18,0.380564743,9.63E-05,0.041837591,0.024701532,-0.040332038,-0.100423849,0.007286757,0.0107085,0.122862693,-0.000501338,0.00100207,-0.001271614,0.013504889,-0.010835118,0.002757561,-0.00586509,0.023493261,0.00074985,0.001323439,0.002693138,0.015979902
0,0,0,0,-1,-1.48E-17,-9.38E-17,0.377209992,0.002337382,0.039140659,0.028228748,-0.04047764,-0.094706988,0.010555776,0.010869757,0.118974573,-0.003118221,0.00346848,0.002397238,0.010870165,-0.011333025,0.002347003,-0.005758929,0.023705668,-5.42E-05,0.000918462,0.005148827,0.015967631
0,0,0,0,-1,3.91E-17,2.44E-17,0.378797191,-0.010368544,0.014555464,0.019325671,-0.042218388,-0.09010419,0.002583571,0.005159115,0.11560262,-0.001489819,-0.001532956,-0.002683323,0.01439398,-0.010799099,0.003709903,-0.013179544,0.021391564,-0.002682357,2.22E-05,0.003650027,0.014281036
0,0,0,0,-1,-2.96E-17,-8.87E-17,0.378619391,-0.002912308,0.018654374,0.018186662,-0.037100371,-0.092446857,0.008643507,0.008788232,0.116373831,0.001973736,0.002607119,-0.003184874,0.008330364,-0.014673185,0.003381271,-0.007227017,0.024726428,-0.002112219,-0.001300459,0.003128653,0.018215421
0,0,0,0,-1,0,-2.90E-17,0.367827734,0.009117796,0.019581554,0.019631783,-0.027198598,-0.084871649,-0.01125695,0.009127438,0.110345922,-0.007596335,-0.007035536,-0.001808221,0.013716231,-0.013293256,0.003025227,-0.011514709,0.021845657,-0.009168546,0.00082499,0.001752941,0.019957135
0,0,0,0,-1,0,0,0.369752825,-0.000139674,0.038770633,0.026045314,-0.02983339,-0.092921542,0.002434901,0.013147088,0.108549218,-0.003682071,0.002899551,0.000682233,0.007752515,-0.010163068,0.002572328,-0.004098812,0.025846228,-0.002161047,-0.000507783,0.003701468,0.023276205
0,0,0,0,-1,2.73E-17,8.31E-17,0.385184773,0.018496472,0.060102007,0.043213157,-0.024344874,-0.088843533,0.015159033,0.006896412,0.119379311,0.005949779,0.016044452,0.004642155,-0.002039265,-0.02208103,0.013519214,-0.000892996,0.021818368,-0.007253137,-0.003005761,0.016585809,0.00963422
0,0,0,0,-1,0,3.88E-17,0.37134617,0.002736792,0.032258807,0.026063763,-0.03113042,-0.090207598,-0.011212002,0.012273929,0.112516606,0.004673692,-0.000572283,0.000168026,0.00255504,-0.016320739,0.006057263,-0.003830329,0.028463704,-0.003914152,0.000362747,0.007454251,0.021506662
0,0,0,0,-1,3.88E-17,8.48E-17,0.370208736,-0.005035664,0.048815399,0.032462136,-0.031838974,-0.093642592,-0.014589605,0.007698191,0.110878349,0.006291743,0.009316611,0.006152095,0.004655759,-0.018988023,0.003897693,-0.00611697,0.030556071,-0.00231635,-0.001777705,0.010421052,0.02043504
0,0,0,0,-1,-3.83E-17,2.39E-17,0.36173125,-0.000108054,0.034295531,0.020959765,-0.031189325,-0.090110202,0.004918139,0.014173487,0.108836467,-0.001075014,0.005985174,-0.002268769,0.001655015,-0.014091453,0.002094652,0.001789703,0.030189798,-0.003503023,-0.003814233,0.009577976,0.017586632
0,0,0,0,-1,-4.73E-17,-5.67E-17,0.354648779,0.001124469,0.032083069,0.020692136,-0.028809062,-0.088090068,0.000536123,0.01213032,0.104301245,0.000968022,0.0026254,-0.000152036,0.004265268,-0.010592922,0.002616679,-0.00151888,0.031567062,0.000318675,-0.002344888,0.006707302,0.017684913
0,0,0,0,-1,4.81E-18,9.13E-17,0.355665702,-0.008424741,0.066897957,0.040652742,-0.024444562,-0.095599436,-0.008396335,-0.000535932,0.108102508,0.008249201,0.009781032,0.013370516,0.000202718,-0.016289624,0.006571567,0.000737277,0.036922727,-0.002520663,-0.003158618,0.012354893,0.019931059
0,0,0,0,-1,-9.40E-18,-1.41E-17,0.351568578,0.004992214,0.028425271,0.029172271,-0.022737276,-0.085112947,0.002715127,0.00462701,0.110670934,0.006807963,0.008408522,0.004097581,0.000729332,-0.013998734,0.003157858,0.000541821,0.036059879,7.33E-05,-0.00210257,0.012847833,0.015489823
0,0,0,0,-1,1.87E-17,1.87E-17,0.34711782,0.006566779,0.036773049,0.028690428,-0.018926844,-0.085992944,-0.00497345,0.002390351,0.104991649,0.005825437,0.007815206,0.006726852,0.000524282,-0.01101913,0.006677882,0.000417482,0.03919951,-0.001279506,0.004556498,0.012230987,0.014074268
0,0,0,0,-1,-1.86E-17,0,0.350552715,-0.005295686,0.047308292,0.023467116,-0.015208242,-0.091059684,-0.005950568,-0.006246857,0.107866824,0.00372005,0.005867784,0.004501427,-0.000475491,-0.014293523,0.005808491,-0.003381126,0.039600211,-0.002321385,-0.002222499,0.010016881,0.01416452
0,0,0,0,-1,3.69E-17,0,0.344711429,-0.002582682,0.026576214,0.013570527,-0.018338881,-0.085526815,-0.000959977,-0.00458793,0.107856964,0.002234942,0.001211355,-0.004074799,-0.001757822,-0.014124923,0.005616837,-0.003457668,0.03798698,-0.000936252,-0.004966654,0.010133998,0.011627059
0,0,0,0,-1,1.87E-17,-1.87E-17,0.346310442,0.002033471,0.049810781,0.026439701,-0.01440098,-0.09518398,0.00344812,-0.002560034,0.108948085,0.001713004,0.005619995,0.003229514,-0.001597842,-0.017045526,-0.000221968,-0.000755528,0.038887245,0.001417451,0.000259873,0.01340933,0.010774122
0,0,0,0,-1,0,2.78E-17,0.347463604,0.001535655,0.034945724,0.017605304,-0.009240281,-0.091594678,0.000470073,-0.00713964,0.109506842,0.001505696,0.003375704,-0.001488907,-0.001122992,-0.015697599,-0.000892569,-0.004864814,0.039577479,-0.000386229,-0.001493238,0.008692655,0.007333615
0,0,0,0,-1,-1.88E-17,3.28E-17,0.347963713,0.000441364,0.053928431,0.026777057,-0.004749641,-0.099081905,0.003092774,-0.00751273,0.109232363,-0.005378621,0.00880065,0.001166625,-0.004305992,-0.018309683,-0.001241678,0.000742303,0.03887404,0.000420486,0.002270901,0.014198862,0.006726037
0,0,0,0,-1,-3.74E-17,-3.27E-17,0.346897289,0.000489903,0.052805971,0.026443022,-0.003220779,-0.097966428,-0.000217941,-0.008173626,0.107405153,-0.000198871,0.012217488,0.003466731,-0.002652246,-0.019186469,0.000810415,-0.001626382,0.039559397,0.002566639,-0.002662077,0.014532381,0.004138808
0,0,0,0,-1,0,1.86E-17,0.348194518,0.001187948,0.039255138,0.021366765,0.000585936,-0.093283914,0.002886987,-0.005265001,0.106925132,0.003993664,0.0056394,0.001661629,-0.0043795,-0.013999062,0.001821057,0.001234763,0.039514309,0.002014283,0.00345406,0.013462545,0.0029725
0,0,0,0,-1,3.73E-17,4.67E-17,0.345873108,-0.008710378,0.056272933,0.026402387,-0.000708084,-0.101823839,-0.0071082,-0.008011648,0.105500639,0.002760903,0.006266681,0.005384114,-0.000821615,-0.015570538,0.000333162,-0.003987251,0.043010284,0.000709311,0.001171026,0.010302091,0.00113022
0,0,0,0,-1,-1.05E-17,-4.62E-17,0.345415385,-0.002917235,0.03853706,0.020319982,0.000857483,-0.096575964,-0.00531598,-0.007398977,0.107294778,0.004756183,0.001708012,0.000770466,-6.44E-05,-0.015900178,0.003376489,-0.003437252,0.040060804,-0.000516413,0.004229542,0.010219181,0.000140218
0,0,0,0,-1,0,-2.77E-17,0.341687859,-0.005190348,0.020181627,0.01718583,0.005159666,-0.088910785,-0.005792394,-0.007314682,0.106999316,0.005784534,0.00572479,-0.004845548,-0.00265488,-0.017230858,0.002306926,-0.002288377,0.040262365,0.001738509,0.000411723,0.007810593,-0.002282703
0,0,0,0,-1,1.38E-17,-3.45E-18,0.339795973,-0.001327258,0.008235392,0.012448712,0.010437117,-0.088463434,-0.006302248,-0.010378747,0.109466808,0.000417822,0.001548489,-0.00926616,-0.002855481,-0.014853822,0.003100864,-0.000462709,0.039494541,0.001869658,0.00027312,0.007652006,-0.00422873
0,0,0,0,-1,1.85E-17,-2.78E-17,0.340474902,0.003605691,0.030940236,0.024596135,0.013676322,-0.089239444,0.001109073,-0.007798199,0.109533595,0.004310728,0.004535335,0.001525873,-0.003447059,-0.011290162,0.002144742,0.004986972,0.037213485,0.004092433,0.004441853,0.012105386,-0.005696812
0,0,0,0,-1,0,6.55E-17,0.345484493,-0.004277366,0.051127006,0.026658985,0.013659194,-0.093863947,-0.002031699,-0.005955046,0.107490107,0.003676464,0.005715729,0.009385001,-0.002917237,-0.016031251,0.00341137,0.002206864,0.042346667,0.001522558,-0.000969711,0.010091351,-0.008946172
0,0,0,0,-1,3.75E-17,4.69E-17,0.349780438,-0.007828415,0.062400641,0.03311604,0.015690502,-0.09820251,-0.005588502,-0.009906553,0.108367363,0.004886515,0.004306275,0.013055214,-0.000529725,-0.011650347,0.001199223,-0.000532942,0.040075449,0.002698678,0.003812632,0.013747298,-0.010155301
0,0,0,0,-1,0,1.87E-17,0.343835436,-0.004168748,0.033271781,0.023152248,0.015625332,-0.090145795,0.003750049,-0.005021501,0.109711488,0.00361091,0.000640568,0.002370523,-0.003099633,-0.014768592,0.001211739,0.003529734,0.038444906,0.006492687,-0.000479901,0.009532854,-0.010541466
0,0,0,0,-1,0,9.48E-18,0.353026169,-0.007563095,0.072688128,0.032680363,0.017530419,-0.105512054,0.002878887,-0.001911855,0.107949946,-0.003454004,0.002014868,0.010036605,0.002178178,-0.007548747,-0.002705353,0.001185078,0.039446132,0.003352002,0.009146294,0.009669767,-0.012074285
0,0,0,0,-1,0,9.42E-18,0.350444326,-0.008981306,0.044069307,0.025358241,0.02117939,-0.09365655,-0.00261958,-0.009021739,0.10897539,-0.003015235,0.003277367,0.003691748,0.000903553,-0.010355315,-0.002213384,0.00091004,0.037020046,0.003534122,0.003708585,0.010816711,-0.01005487
0,0,0,0,-1,3.78E-17,4.73E-17,0.353255946,-0.004246625,0.031517833,0.024154151,0.02174301,-0.089575866,0.00028828,-0.010335935,0.113706535,0.002169666,-0.001023233,-8.63E-05,-0.004603855,-0.008995182,0.001212989,0.002678521,0.034894044,0.00188939,0.00474618,0.00958793,-0.013740968
0,0,0,0,-1,1.90E-17,0,0.360389855,-0.005466067,0.026610139,0.019829482,0.024483173,-0.086631838,-0.00202343,-0.014276157,0.114359606,0.00426966,0.002320005,3.00E-05,-0.005409899,-0.011978808,0.00246206,0.002702124,0.035915652,0.002041627,0.002778783,0.006827449,-0.015993771
0,0,0,0,-1,0,2.86E-17,0.359759244,-0.009158245,0.031722143,0.023186148,0.025534877,-0.086445981,-0.007063874,-0.016712192,0.113177399,0.002519235,0.003790191,0.003213928,-0.003832235,-0.010524753,0.00083441,0.001624618,0.035823779,0.001722902,0.000363561,0.008289968,-0.015359424
0,0,0,0,-1,-1.90E-17,1.90E-17,0.361791956,-0.00169042,0.031584563,0.02451151,0.02618842,-0.08909984,-0.005900176,-0.014653286,0.114889261,0.00240998,0.000314079,0.003138432,-0.00552416,-0.006631675,0.002785599,0.001328405,0.033858399,0.000595363,0.003089188,0.00823008,-0.017215685
0,0,0,0,-1,-1.89E-17,-4.73E-17,0.35650509,-0.006469236,0.007004085,0.016288602,0.025660097,-0.078989731,-0.00481728,-0.013950804,0.116321941,0.002490622,0.003454836,-0.006403224,-0.008135195,-0.011434236,0.004262581,0.006883033,0.029157496,0.000393103,0.001552772,0.005886845,-0.015360116
0,0,0,0,-1,3.79E-17,4.74E-17,0.35793395,-0.003974068,0.014023703,0.016149626,0.028001491,-0.078331828,-0.00551115,-0.016362368,0.117234814,0.002269705,0.002378222,-0.003064701,-0.008942009,-0.010213621,0.00153009,0.004837824,0.030799091,0.000682467,0.001449647,0.004997149,-0.016056636
0,0,0,0,-1,-3.79E-17,-1.90E-17,0.3574436,-0.004714296,0.01416213,0.01839244,0.028372594,-0.082393347,-0.002905235,-0.013654402,0.117450456,-0.001541481,0.000455426,-0.00134568,-0.010641821,-0.007722588,0.002029019,0.006252792,0.030358674,-0.001602931,0.002899621,0.006584185,-0.01595228
0,0,0,0,-1,0,3.81E-17,0.360700127,-0.007631507,0.02134966,0.019971949,0.031117433,-0.082913537,-0.008049633,-0.017710754,0.120031547,0.000349918,0.005355689,-0.000101401,-0.01140174,-0.009596784,0.003904057,0.002879182,0.030120664,-7.26E-05,0.002721769,0.00567966,-0.016500583
0,0,0,0,-1,-3.82E-17,-7.64E-17,0.364020558,-0.005668054,0.03186506,0.02402165,0.036142458,-0.080377637,-0.000896312,-0.015897559,0.122075939,-0.000836585,0.008802815,0.001907688,-0.014918166,-0.012886622,0.001013472,0.005011219,0.025249432,0.000858497,-0.00124607,0.010359629,-0.016362518
0,0,0,0,-1,0,-9.54E-18,0.360690696,-0.004815908,0.007421454,0.011911295,0.0351014,-0.080384763,-0.007747475,-0.022127955,0.124929063,0.000818978,0.003760455,-0.006187397,-0.015175485,-0.013085661,0.000323698,0.004616293,0.025587047,-0.001056747,-0.001857514,0.006821894,-0.01367102
0,0,0,0,-1,-1.92E-17,-3.85E-17,0.366594786,0.000966892,0.036327098,0.02197745,0.03953703,-0.089632829,-0.001417501,-0.018167638,0.127698627,-0.004665515,0.003682833,0.001689773,-0.016193414,-0.008617613,0.002655167,0.004455796,0.027373129,-0.001146116,0.001080953,0.006721667,-0.014073736
0,0,0,0,-1,3.84E-17,5.75E-17,0.361939434,-0.001108005,0.035477806,0.02320813,0.040993756,-0.085307349,-0.003320388,-0.01824219,0.130572387,-0.001871543,0.003876049,-0.000679146,-0.016448797,-0.008620668,0.001884084,0.003289679,0.023727649,-0.002336948,0.000609254,0.008013367,-0.012145003
0,0,0,0,-1,0,0,0.364086384,-0.003739848,0.028489349,0.025034586,0.044507223,-0.086209982,-0.005647591,-0.018403939,0.128821218,-0.002366705,0.008293174,0.001783262,-0.018491668,-0.012774926,0.001083429,0.004724283,0.021015259,-0.000119236,-0.001433333,0.008549966,-0.011275859
0,0,0,0,-1,0,2.89E-17,0.370470522,0.003220381,0.028726079,0.019879625,0.044708681,-0.08896778,-0.006411177,-0.018747116,0.131762263,-0.00237004,0.002379772,0.001863052,-0.019955296,-0.014241865,-0.000103921,0.005055323,0.021349109,-0.00048404,0.001530562,0.00736738,-0.009492268
0,0,0,0,-1,9.70E-18,3.39E-17,0.369007098,-0.005772274,0.053596908,0.030040334,0.046593949,-0.097433427,-0.000517129,-0.01807246,0.129810745,-0.000831789,0.004966349,0.008265305,-0.021572043,-0.007927402,-0.000303822,0.004230627,0.020487754,0.000928004,0.004143364,0.011044291,-0.012767016
0,0,0,0,-1,-1.93E-17,-2.90E-17,0.370295946,-0.005849753,0.050086335,0.025561057,0.048661893,-0.094494135,-0.001503732,-0.017139777,0.131970014,0.000705055,0.005268151,0.005510645,-0.020546963,-0.00906105,-0.00082901,0.005846689,0.020297886,0.00225295,0.005453734,0.007752343,-0.011435323
0,0,0,0,-1,-1.92E-17,-4.33E-17,0.368519026,-0.001149603,0.038633945,0.016065511,0.04693873,-0.093419571,-0.001516236,-0.02070901,0.130955059,0.003102734,0.005215299,0.004668397,-0.022711045,-0.011621017,-0.001621421,0.005110742,0.020473204,0.001588719,0.001226886,0.00939155,-0.006611468
0,0,0,0,-1,-1.94E-17,-1.94E-17,0.369120868,-0.00182282,0.063788553,0.026657727,0.051545425,-0.101580673,-0.006692174,-0.020966274,0.13377397,0.004533598,0.014219634,0.011322175,-0.020188855,-0.016508698,0.002216395,8.23E-05,0.021400779,-0.000336145,-0.00155822,0.013162784,-0.01137019
0,0,0,0,-1,-1.91E-17,4.77E-17,0.362526518,0.004434024,0.029551561,0.013449461,0.047422653,-0.096300357,-0.000382119,-0.01549222,0.132225438,0.002137158,0.00474577,0.002311245,-0.021944791,-0.012691043,0.002589411,0.004257848,0.020334819,0.001247715,-0.000157848,0.009952321,-0.007445243
0,0,0,0,-1,0,9.52E-17,0.361157215,0.001909583,0.020857938,0.010235728,0.043256144,-0.094191007,-6.00E-05,-0.010061591,0.132584427,0.004465576,0.008104224,-0.000204802,-0.019766555,-0.015333454,0.001764314,0.004945246,0.018857372,0.004419016,-0.001975352,0.007151356,-0.009004124
0,0,0,0,-1,0,-1.89E-17,0.355814132,-0.005045246,0.026109722,0.010482053,0.044599786,-0.091739705,-0.010020519,-0.016632987,0.133053022,0.007346499,0.009615553,0.00181252,-0.019195316,-0.017722529,-0.000268732,0.001721223,0.020333113,0.003428037,-0.004954968,0.009030345,-0.00654101
0,0,0,0,-1,0,-3.80E-17,0.359003851,-0.003017019,0.014085855,-0.000275353,0.03991067,-0.095987643,-0.002678057,-0.012539018,0.133096887,0.008243048,0.005510451,-0.003314945,-0.015314568,-0.016823087,-0.000682779,0.002400271,0.018602657,0.003382395,-0.005110793,0.00894771,-0.005883433
0,0,0,0,-1,0,2.86E-17,0.360563606,0.008167109,0.027536133,0.005697805,0.042653751,-0.103827826,0.004546907,-0.007331001,0.133812423,0.00417529,0.006196801,0.001729573,-0.017173686,-0.016073779,-0.001230714,0.003455359,0.019994499,0.003171584,-0.00092718,0.008600683,-0.007647508
0,0,0,0,-1,0,-9.40E-18,0.356253609,0.006021206,0.013557456,-0.001390025,0.03912182,-0.093239406,0.002624511,-0.008615507,0.134100701,0.0012957,0.005197474,-0.005191111,-0.017583405,-0.013292996,0.000205336,0.004144364,0.016981802,0.001526773,-0.003706346,0.010350747,-0.005092201
0,0,0,0,-1,5.66E-17,-2.83E-17,0.353784134,-0.003939378,-0.012575118,-0.0159071,0.034750166,-0.093040576,0.004153437,-0.007984821,0.136165922,0.005073708,-0.003059008,-0.014564699,-0.010415275,-0.01311101,0.000403055,0.001806465,0.017914472,-0.001178451,-0.003073014,0.004404045,-0.007758466
0,0,0,0,-1,-3.79E-17,-6.63E-17,0.358033206,-0.009666786,0.026641089,0.007728231,0.030749609,-0.094418208,-0.014145748,-0.005485931,0.137423486,0.009290485,0.013747694,0.001145451,-0.010390599,-0.018385274,0.001782446,-0.001882113,0.014919446,0.001868105,-0.002850066,0.012364413,-0.006142074
0,0,0,0,-1,1.89E-17,1.89E-17,0.356397377,0.002634333,0.012101138,-0.005217755,0.034779704,-0.096920755,0.004603416,-0.008779787,0.13680304,0.001732944,0.003271155,-0.005904193,-0.013429984,-0.015105214,-0.000396926,0.0029737,0.016831557,0.000418819,-0.003910638,0.009347099,-0.00347746
0,0,0,0,-1,-1.89E-17,3.79E-17,0.356914852,-0.008196886,0.001792905,-0.003417071,0.02913273,-0.095439034,0.001017501,-0.006380852,0.139501699,0.008628414,0.005991174,-0.003313097,-0.009638129,-0.017464196,0.004136955,0.001677395,0.015236784,0.000209782,-0.001664335,0.006105988,-0.006559122
0,0,0,0,-1,0,5.67E-17,0.35651494,0.000340684,0.012155399,-0.000401888,0.029087113,-0.095705229,-0.005964628,-0.006800651,0.138879006,0.00413477,0.007623144,-0.001730148,-0.010997679,-0.013094055,0.00079748,0.001553821,0.013926865,0.000573143,-0.002775001,0.008087063,-0.003577517
0,0,0,0,-1,0,1.90E-17,0.3591801,-0.005196793,0.015164727,-0.001726219,0.023175822,-0.099332724,-0.001630969,-0.002104902,0.139022136,0.005759621,0.004419995,-0.001661066,-0.007114877,-0.015563635,0.005395731,-0.001901327,0.013130968,0.000200365,-0.003754784,0.009517977,-0.005839356
0,0,0,0,-1,9.52E-18,2.38E-17,0.364821083,0.004760904,0.020364826,-0.001256823,0.024360271,-0.10174058,0.008449368,-0.004999837,0.142136046,-0.00478388,0.007775393,-0.000244815,-0.009535512,-0.017640891,0.002344003,0.002979359,0.012448544,0.000268491,-0.005442165,0.009633788,-0.001027079
0,0,0,0,-1,-1.90E-17,-7.59E-17,0.356827125,-0.00886397,0.023939028,0.002790187,0.016096538,-0.106382097,-0.011870858,-0.007057261,0.141438008,0.004416448,0.003535778,0.001684016,-0.003188862,-0.012563631,0.004068085,-0.001250271,0.014830102,-0.000456369,-0.001271685,0.006384383,-0.001885324
0,0,0,0,-1,7.63E-17,2.86E-17,0.358994214,-0.010877945,0.023613571,0.002498369,0.009691568,-0.107188361,-0.01541838,-0.005838014,0.141827832,0.009498019,0.005540426,0.001097137,-0.002712834,-0.016138831,0.010013949,-0.000879634,0.01501669,-0.001238334,-0.003593606,0.008354743,-0.00105591
0,0,0,0,-1,-1.89E-17,-2.83E-17,0.357698031,-0.005570051,0.019074158,0.001447728,0.005379069,-0.101031129,-0.007234076,-0.003826617,0.139731941,0.002216958,0.003906952,0.001666188,0.001728551,-0.010419078,0.003993998,-0.004132212,0.014613313,-0.002727763,-0.000558139,0.009989863,-0.001697345
0,0,0,0,-1,3.77E-17,-1.88E-17,0.354273166,-0.002040825,0.005780652,-0.005305239,0.006662535,-0.096571927,-0.007117459,-0.00490655,0.138073217,0.005923125,0.002086002,-0.005672203,-0.004087042,-0.012041715,0.008274247,-0.002002995,0.015478354,-0.002126108,-0.003550228,0.006180955,0.00013464
0,0,0,0,-1,-5.71E-17,-2.85E-17,0.355997848,-0.002855102,0.032138322,0.007706633,0.004258277,-0.104581804,-0.01282155,-0.006029336,0.139460344,0.010180341,0.007416864,0.002461944,-0.002833075,-0.01633973,0.006935879,-0.00356666,0.015528411,-0.001785755,-0.003883541,0.008069157,0.000615073
0,0,0,0,-1,5.72E-17,1.91E-17,0.359323396,0.001173256,0.040811728,0.013180731,0.001245413,-0.105337114,-0.004730004,-0.004440867,0.141361258,0.00431165,0.011221502,0.006908982,-0.000716292,-0.015940724,0.003833183,-0.003671672,0.01881072,-1.43E-05,-0.00597672,0.00877165,0.001758448
0,0,0,0,-1,0,-9.33E-18,0.352083735,0.016043572,0.012954708,0.007954554,0.002714678,-0.090110726,-0.003620925,0.002657784,0.136516866,0.014601005,0.009265831,0.003524041,-0.006055649,-0.007991375,0.010421937,0.002080799,0.01731725,0.002096289,0.002130518,0.009529357,0.002571627
0,0,0,0,-1,0,1.90E-17,0.353015447,0.002361161,0.018201297,-0.000742451,-0.004441919,-0.106707713,-0.013261379,-0.007213701,0.13712705,0.004410115,0.000266393,0.000154359,-0.002075734,-0.015732994,0.001634777,-0.003541302,0.017451152,-0.003431368,-0.003228448,0.007962649,0.002788609
0,0,0,0,-1,0,1.92E-17,0.36021549,-0.021046109,0.050287007,0.014205159,-0.011258502,-0.111257224,-0.01893452,-0.006341659,0.139192065,0.012846084,0.005312026,0.007626915,0.006651341,-0.016791049,0.012187871,-0.006472933,0.015917327,-0.007115152,-0.003791243,0.009577256,0.003993996
0,0,0,0,-1,0,-4.74E-17,0.356550238,-0.007705928,0.030165635,0.008096991,-0.011187802,-0.106257206,-0.011084632,-0.004175079,0.137219275,0.01515165,0.006977672,0.003799802,0.003436254,-0.015631676,0.008764145,-0.003219842,0.018014765,-0.004225181,-0.000843866,0.00904937,0.001825441
0,0,0,0,-1,-5.76E-17,-1.92E-17,0.360859602,-0.00646739,0.052385843,0.014675193,-0.013499371,-0.111912281,-0.015554657,-0.005394064,0.139573356,0.010562746,0.008828709,0.008224992,0.004983211,-0.020789917,0.008652953,-0.002958088,0.017864916,-0.006122519,-0.008586468,0.011894796,0.00556667
0,0,0,0,-1,7.55E-17,5.66E-17,0.353284575,0.006910978,0.013302257,-0.00153349,-0.012649969,-0.098385874,0.002991919,0.004359184,0.135205058,0.002721221,0.002089346,-0.001099527,0.00301357,-0.01213055,0.002392128,0.000973692,0.016856612,0.002199505,-0.00480146,0.008757784,0.005462963
0,0,0,0,-1,1.92E-17,-1.92E-17,0.362605148,-0.012393374,0.041269609,0.011245425,-0.019518206,-0.113699966,-0.013428536,-0.00235046,0.138059733,0.016477399,0.003079213,0.006185951,0.007404244,-0.015484307,0.008573896,-0.00176179,0.01761919,-0.003487405,-0.004464285,0.007596991,0.005964537
0,0,0,0,-1,1.90E-17,4.75E-17,0.363412893,0.012177385,0.045075335,0.005047397,-0.017210081,-0.100844647,0.003461087,-0.00269066,0.136261988,0.00380783,0.004796591,0.003174862,0.002292071,-0.014204928,-0.003024944,8.93E-05,0.015643731,-0.000338172,-0.011187594,0.010905556,0.006535312
0,0,0,0,-1,-1.93E-17,1.93E-17,0.355426738,-0.008453022,0.05878212,0.020347889,-0.025083231,-0.11431591,-0.009098824,0.001739092,0.138246789,0.005799624,0.00895603,0.009473037,0.008055348,-0.016813544,0.006125678,-0.000177552,0.018052155,-0.00262331,-0.005973533,0.009000151,0.006439267
0,0,0,0,-1,-1.91E-17,0,0.357329522,-0.005306275,0.034045432,0.007172834,-0.027014413,-0.109518079,-0.018800785,0.000775353,0.135601728,0.005724417,-0.00265904,0.001301685,0.01101543,-0.010778922,0.006934447,-0.006650452,0.016419741,-0.00320674,-0.002064313,0.009162374,0.005496612
0,0,0,0,-1,0,1.92E-17,0.357094097,-0.008600438,0.054257075,0.021087096,-0.031198689,-0.109624815,-0.011817279,0.004106566,0.135921831,0.009264919,0.006393378,0.009039386,0.011329838,-0.012900138,0.009464572,-0.000779166,0.01615994,-0.002989802,-0.003934045,0.012137111,0.004959739
0,0,0,0,-1,9.67E-18,4.84E-17,0.362452103,-0.001797388,0.047732939,0.012953991,-0.034578478,-0.110545992,-0.006806043,0.004954756,0.133160066,0.004681831,0.006733446,0.00743597,0.012695782,-0.01633662,0.008271265,-0.003618956,0.017268945,-0.006277883,-0.003668094,0.012691195,0.004689476
0,0,0,0,-1,-1.91E-17,-1.43E-17,0.360407057,-0.002111079,0.01884304,0.001265476,-0.033630106,-0.100030765,-0.006401403,0.001697314,0.130129173,-0.003222577,0.000855999,0.000681109,0.013053126,-0.012154953,0.005035672,-0.005873955,0.015868416,-0.004289157,-0.00235951,0.009567676,0.008363641
0,0,0,0,-1,9.76E-18,1.22E-17,0.368410177,-0.005914946,-0.004854915,-0.006051252,-0.03633984,-0.114369771,0.00517342,0.001022407,0.133510663,0.005296434,0.001017541,-0.011845223,0.01480263,-0.01725945,0.006265265,0.000959146,0.018799614,-0.010982027,-0.004448481,0.002038475,0.006591546
0,0,0,0,-1,1.95E-17,2.93E-17,0.365704257,-0.008511827,0.026490974,0.009489524,-0.039851992,-0.111199256,-0.009099118,-0.001471922,0.133872607,0.005868903,0.002674899,-0.001146112,0.01547674,-0.012809556,0.008773704,-0.001016267,0.017871057,-0.009577326,-0.001468662,0.00663284,0.009149348
0,0,0,0,-1,9.81E-18,1.96E-17,0.365243769,0.001212939,0.043963454,0.013194968,-0.040607509,-0.107933111,-0.004764583,-0.001692216,0.135299787,0.001688095,0.004199437,0.00125085,0.010164674,-0.015522312,0.008324473,-0.002585914,0.016515217,-0.003788431,-0.003439734,0.009328228,0.012705679
0,0,0,0,-1,1.98E-17,3.95E-17,0.370180861,0.001124435,0.044578489,0.023491233,-0.042857068,-0.113658212,-0.008902497,-0.000807482,0.138345807,0.007511465,0.004472106,0.005110918,0.013380902,-0.012896033,0.005581591,-0.000424355,0.018222811,-0.005055248,-0.002402822,0.01048899,0.01117883
0,0,0,0,-1,1.99E-17,2.24E-17,0.379531391,0.003177471,0.072618843,0.031276905,-0.049137112,-0.119411675,-0.004337949,0.004792212,0.134107551,0.009367359,0.00331123,0.018923889,0.017141781,-0.009412958,0.014594639,0.001791001,0.017158524,-0.011574822,0.001095006,0.012614345,0.008409393
0,0,0,0,-1,0,4.92E-18,0.377113071,-0.013915997,0.064845811,0.013617803,-0.050582902,-0.112621974,-0.012798955,0.008964855,0.131961484,0.007812551,-0.009624743,0.00672327,0.020277293,0.001124127,0.020724188,0.000338955,0.023003219,-0.013624551,0.004501938,0.0054727,0.008155195
0,0,0,0,-1,0,-8.79E-17,0.37188725,0.005596456,0.017847484,0.015037702,-0.046568554,-0.096972586,0.001655014,0.011767323,0.132089362,0.012352228,0.004538704,0.002194144,0.015624905,-0.008762389,0.007897693,0.002701574,0.018425546,-0.006212702,-0.002205741,0.009677945,0.007918978
0,0,0,0,-1,-1.47E-17,-2.21E-17,0.370091709,-9.87E-06,0.036534253,0.020011916,-0.048043824,-0.099102672,-0.008881411,0.005080602,0.131227101,0.009855061,-0.000963301,0.004035246,0.016205758,-0.008653169,0.007271004,-0.001417007,0.017027672,-0.006277798,0.001542317,0.008974021,0.012342564
0,0,0,0,-1,0,2.98E-17,0.377509365,0.009980193,0.053424831,0.029335875,-0.050416551,-0.103206858,0.001544199,0.007982856,0.130935821,0.007599918,0.008399637,0.007955777,0.015772234,-0.01330363,0.009113565,-0.000692419,0.020979094,-0.007505802,-0.002660322,0.00873778,0.012434547
0,0,0,0,-1,2.95E-17,1.23E-17,0.371461332,0.008795013,0.05082573,0.026391864,-0.048953544,-0.092450333,0.022942633,0.022522806,0.130029346,0.002348292,0.012904515,0.006244872,0.014373998,-0.010975086,0.009750083,0.007642818,0.020356933,-0.010660658,-0.002401429,0.007762303,0.006314295
0,0,0,0,-1,-1.49E-17,-1.05E-17,0.376455502,0.011318687,0.047773331,0.026929875,-0.04673492,-0.096431144,0.012506798,0.008322947,0.12900506,0.009654916,0.013710586,0.009210845,0.011016432,-0.014875801,0.009624927,0.000724974,0.022246269,-0.011557078,-0.00234895,0.010359018,0.01453485
0,0,0,0,-1,0,5.00E-18,0.378826091,0.017044682,0.06200452,0.031978625,-0.050734839,-0.101216674,0.009615232,0.01156593,0.128634561,-0.002523402,0.010108141,0.010723661,0.01323263,-0.019037619,-0.002675054,-0.001306876,0.021436688,-0.00337954,-0.005239895,0.009959692,0.01566601
0,0,0,0,-1,0,9.89E-18,0.375495161,-0.009306822,0.028713492,0.012642186,-0.049651945,-0.095286723,0.001058265,0.011084271,0.121688847,-0.000522268,-0.003820035,-0.003293473,0.017026896,-0.005940293,0.004672385,-0.008725985,0.025065712,-0.007561487,-0.000558052,0.000749649,0.012447661
0,0,0,0,-1,0,-7.00E-17,0.381433751,0.002574439,0.044616464,0.028118703,-0.047716379,-0.096264128,0.003045287,0.008446354,0.123351114,-0.00093183,0.003691279,0.00513882,0.014771661,-0.011882927,0.00495095,-0.004970175,0.02139439,-0.000456809,-0.000378661,0.003363793,0.015881356
0,0,0,0,-1,2.01E-17,2.51E-17,0.38069595,0.00718465,0.065877136,0.036820713,-0.048182213,-0.101651996,0.009128822,0.010612252,0.120526079,-0.001910132,0.005659658,0.009564743,0.012866552,-0.009313555,0.004584158,-0.001623004,0.02350591,0.000299883,0.002076968,0.007149497,0.017349312
0,0,0,0,-1,1.99E-17,5.96E-17,0.380551563,0.000326601,0.047676971,0.025892267,-0.04492127,-0.097018776,0.0032074,0.006620174,0.118210602,-0.003824922,0.001813271,0.004085729,0.013337157,-0.00863011,0.003257333,-0.00810691,0.023079676,0.000243889,0.001901338,0.00574598,0.016558448
0,0,0,0,-1,-1.98E-17,-3.96E-17,0.378216581,0.004865324,0.044134647,0.027413572,-0.039326,-0.095549017,0.003530679,0.005983616,0.118681546,0.000656827,0.000863154,0.002497869,0.010579895,-0.010547699,0.003991588,-0.004410926,0.02364807,0.001252533,0.002092356,0.005362631,0.017944854
0,0,0,0,-1,1.98E-17,3.46E-17,0.377891285,-0.001018095,0.042463052,0.026818692,-0.039920355,-0.096749262,0.002731156,0.00588479,0.118970615,0.00029537,0.001853377,-0.000412009,0.011889207,-0.010899688,0.003950083,-0.006950947,0.023784064,-0.000185134,0.000568288,0.005402564,0.016701753
0,0,0,0,-1,1.97E-17,-2.95E-17,0.377131653,-0.006915515,0.026966459,0.023625572,-0.040560458,-0.092502051,0.000906098,0.010592827,0.117932887,0.002084163,-0.003379159,-0.002159623,0.012532829,-0.013682297,0.006951177,-0.007269518,0.024936106,-0.003475543,-0.000500629,0.004134715,0.014926364
0,0,0,0,-1,2.98E-17,8.70E-18,0.381519311,-0.013001774,0.058164649,0.038658496,-0.042086906,-0.098560057,-0.004404617,0.005259102,0.115494243,0.006039224,0.004915146,0.010022306,0.005590288,-0.014327433,0.008950793,-0.005048689,0.022567911,-0.002073059,0.001211798,0.00978963,0.01978566
0,0,0,0,-1,3.93E-17,-1.47E-17,0.371206369,-0.002084114,0.024534312,0.022652171,-0.036524366,-0.08941419,-0.000807677,0.007116978,0.114140873,0.000864633,-0.000158354,-0.006177962,0.008639979,-0.014074893,0.005818733,-0.010976319,0.026198807,-0.002930248,-0.001164273,0.002862027,0.016048178
0,0,0,0,-1,-9.86E-18,3.94E-17,0.374047684,-0.008117437,0.056366535,0.036715735,-0.035615834,-0.098887725,-0.004575457,0.006729109,0.111338159,0.002609861,0.00438682,0.006774237,0.005208915,-0.013203074,0.00454886,-0.008330051,0.02687197,-0.002051369,-0.00093808,0.01025267,0.018533966
0,0,0,0,-1,-9.84E-18,-5.91E-17,0.375021188,0.013559713,0.073744665,0.046796976,-0.029500086,-0.094159053,0.011025605,0.007965817,0.115887151,0.000955929,0.016078762,0.011659296,0.000678036,-0.016261628,0.004524179,0.000513921,0.029577037,-0.003328683,-0.000679083,0.011976452,0.015643347
0,0,0,0,-1,0,1.92E-17,0.368331567,8.71E-05,0.030153602,0.021351267,-0.027377883,-0.090650176,-0.004554364,0.005194538,0.111514153,0.007295088,-0.001371191,-0.000255225,0.003087595,-0.009804533,0.000445402,-0.00318375,0.031915751,-0.002007068,0.000783615,0.005219693,0.018859786
0,0,0,0,-1,7.75E-17,-1.94E-17,0.374526032,-0.007369944,0.026741952,0.018646353,-0.027474956,-0.105034721,-0.005932509,0.003145553,0.11500558,0.02596764,-0.00353911,-0.003705955,0.00726839,-0.01313152,-0.001162597,-0.003594039,0.034251628,-0.013335746,-0.003364168,0.005964359,0.014771538
0,0,0,0,-1,1.90E-17,3.32E-17,0.359786194,0.008951977,0.02634563,0.020951502,-0.023648268,-0.079878406,-0.002666898,0.003537695,0.110624862,0.015114873,0.002873693,-0.000189387,0.00164134,-0.016562774,0.000886331,-0.000174062,0.034759522,-0.003788595,-0.002019616,0.008092046,0.019360379
0,0,0,0,-1,0,-4.27E-17,0.358592145,-0.004142032,0.036596087,0.024807529,-0.022937073,-0.094917654,-0.006608005,0.004759099,0.107847563,0.006979895,0.003136317,0.00242793,0.00232956,-0.015619239,0.000540824,0.000837174,0.03651809,0.002156591,0.000244441,0.006947286,0.018763759
0,0,0,0,-1,3.76E-17,-2.82E-17,0.35554232,0.006178633,0.022996712,0.017115654,-0.017529603,-0.088887185,-0.004050256,0.005736294,0.106913782,0.009243796,-0.002190556,-0.002429747,0.002752648,-0.014552729,-0.000131103,-0.002040947,0.040482824,0.001061188,0.000129548,0.008900548,0.014170193
0,0,0,0,-1,-1.86E-17,-1.86E-17,0.350622342,-0.020904118,0.036642438,0.026690372,-0.013387456,-0.094407503,-0.007072723,-0.002322173,0.102041024,0.003818105,-0.000227079,0.00578875,0.007166265,-0.014595918,0.010322664,-0.007282289,0.028921427,-0.011423247,-0.001651182,0.01277955,0.021407458
0,0,0,0,-1,1.87E-17,-2.34E-18,0.351906366,-0.008337309,0.071684557,0.037844138,-0.011713603,-0.092865509,-0.021484154,-0.008244168,0.10990801,0.018474102,0.013550716,0.008615029,-0.000594972,-0.02405461,0.005488868,-0.002344509,0.035758718,-0.00538906,-0.010564516,0.014498331,0.01291448
0,0,0,0,-1,-2.79E-17,-4.41E-17,0.349349672,-0.00166521,0.019899159,0.012556732,-0.009943221,-0.089272503,-0.003294855,-0.004062028,0.107450463,0.010350391,0.002208944,-0.004930925,-0.001722517,-0.016076789,0.00421367,-0.000539909,0.039813941,6.10E-05,-0.00179775,0.007029934,0.012485544
0,0,0,0,-1,-2.32E-17,-1.16E-17,0.351216315,-0.000446125,0.018785776,0.008493481,-0.011517753,-0.088194563,0.004145811,-0.001203281,0.105602149,0.00210854,0.000736754,-0.004441716,0.003102347,-0.017620955,0.003578226,-0.00553618,0.042094141,0.000183317,-0.003644391,0.007230221,0.007656934
0,0,0,0,-1,-1.85E-17,-4.17E-17,0.344485008,0.004920026,0.042960452,0.027995831,-0.008868506,-0.0924194,-0.00022367,-0.000395688,0.108728053,0.001002407,0.006689324,0.00258505,0.005362369,-0.013264069,0.001913562,-0.004351288,0.037115605,-0.001318112,0.003490076,0.016589353,0.004353405
0,0,0,0,-1,-1.85E-17,0,0.350047105,-0.002395567,0.012597028,0.009435259,-0.007886419,-0.092444617,0.000535133,-0.004112921,0.103472526,0.005919606,7.60E-05,-0.003247053,0.003811726,-0.017760034,0.00132797,-0.001509828,0.0401306,-0.002217078,0.000491739,0.007282084,0.007330766
0,0,0,0,-1,-1.86E-17,-1.58E-16,0.352077282,-0.025239029,0.069008307,0.034611363,-0.004194977,-0.092112192,-0.03065826,-0.007264441,0.106403053,0.019611643,0.015865314,0.011457535,0.005165995,-0.023341765,0.009619715,-0.004100551,0.037968501,-0.001871792,-0.005647902,0.018512872,0.009724053
0,0,0,0,-1,2.76E-17,-1.84E-17,0.349296175,-0.0042406,0.023071694,0.010200686,-0.004051587,-0.089814199,-0.005539751,-0.000920971,0.103482496,0.006960464,0.001835685,-0.001944635,0.004014099,-0.016309698,0.003082899,-0.00514567,0.041051697,-0.001550783,-0.000980357,0.011023357,-0.000444255
0,0,0,0,-1,5.22E-18,6.50E-17,0.34724991,-0.00816898,0.031816723,0.016434846,0.003644698,-0.092907335,-0.012517979,-0.007584451,0.105037971,0.007628376,0.006476179,0.000125702,0.000369035,-0.018996746,0.003727331,-0.00357795,0.045197487,-0.000115147,-0.001800276,0.010385686,-0.001023156
0,0,0,0,-1,-3.73E-17,-9.33E-18,0.348423005,0.000842921,0.047384885,0.022500225,0.00627103,-0.097397356,-0.00252777,-0.006091879,0.10417652,0.003461381,0.007327674,0.005714804,0.000160432,-0.017419046,0.003408038,-0.002175883,0.044230368,-0.000491839,-0.002186926,0.010626727,-0.000650798
0,0,0,0,-1,-3.70E-17,0,0.345887754,-0.007358077,0.02749055,0.013365604,0.0080567,-0.089599178,-0.005656776,-0.004987789,0.104944833,0.003784762,0.003517039,-0.003530879,0.000302908,-0.018997155,0.004116398,-0.001840023,0.04449281,0.001077857,-0.003329427,0.0087859,-0.002429043
0,0,0,0,-1,0,-9.28E-18,0.348809654,0.00274684,0.034871871,0.018713422,0.010135653,-0.086181343,0.003397599,-0.003293758,0.106004074,0.00474641,0.010401638,0.001577565,-0.001318123,-0.020952083,0.006978773,0.001799068,0.04268993,-0.002295234,-0.002023684,0.010664264,-0.006006497
0,0,0,0,-1,0,-7.32E-17,0.345224759,-0.005811628,0.017316217,0.015689074,0.008123707,-0.084625331,-0.009448262,-0.002395006,0.103137937,0.007987787,0.006386137,0.001177706,0.001637861,-0.016879388,0.002218593,0.001411078,0.041848317,0.002929004,-0.002531061,0.010742684,-0.004623891
0,0,0,0,-1,1.85E-17,-1.85E-17,0.350306564,-0.007985623,0.028321832,0.019847654,0.011314439,-0.086078207,-0.008203934,-0.00461467,0.105528386,0.007861873,0.009737343,0.00093283,0.002424376,-0.01991787,0.001112523,-0.000832569,0.042919754,0.006022508,-0.002345651,0.008372192,-0.007269204
0,0,0,0,-1,3.75E-17,9.37E-18,0.355871358,-0.028805229,0.024883248,0.01748114,0.013492153,-0.090234164,-0.012353306,-0.010296576,0.108824553,0.01791819,0.004936491,0.001059103,0.002239063,-0.02702779,0.001552581,-0.003115751,0.039751892,0.002933542,0.000709657,0.005918375,-0.00472703
0,0,0,0,-1,-1.86E-17,-8.39E-17,0.354046553,-0.009776342,0.031189286,0.015458221,0.017616486,-0.086117982,-0.012363047,-0.01243484,0.11076721,0.006178132,0.004061503,-0.002041904,0.000832182,-0.014111922,0.001471361,-0.003774342,0.042658255,0.001619306,-0.001689724,0.008183574,-0.009691777
0,0,0,0,-1,0,2.78E-17,0.353698024,-0.002142423,0.00843379,0.008224249,0.017311879,-0.08277593,-0.012385969,-0.013669246,0.107283481,0.00351587,0.002142852,-0.005530994,-0.000727944,-0.014366126,0.001188487,-0.002190431,0.039394106,0.004041764,-0.000689489,0.004836938,-0.012240957
0,0,0,0,-1,7.51E-17,5.63E-17,0.357776924,-0.008236685,0.031622979,0.018946943,0.023054275,-0.085008364,-0.012145896,-0.015437465,0.107956479,0.00694451,0.007853162,0.001137461,-0.000942565,-0.017401097,-0.000434686,-0.002440857,0.038450632,0.001618803,-0.001968203,0.008096259,-0.013654197
0,0,0,0,-1,-1.88E-17,-6.10E-17,0.360755568,0.003850923,0.027088087,0.019531845,0.026122283,-0.085920375,0.003192516,-0.011475105,0.10851769,-0.000589397,0.005474476,0.000778256,-0.004984361,-0.013711648,-0.000546348,0.002464123,0.036897047,0.002114121,-0.001114034,0.007034042,-0.015919097
0,0,0,0,-1,1.90E-17,9.48E-18,0.362639019,-0.007022381,0.027567574,0.020752916,0.027224452,-0.085988581,-0.002300073,-0.01613049,0.109703624,0.004297167,0.005669542,0.002927543,-0.00404065,-0.01454846,-0.001191382,0.004162282,0.039564657,0.004938605,-0.000609838,0.007937498,-0.013948418
0,0,0,0,-1,-3.80E-17,-3.80E-17,0.366768094,-0.010727676,0.032819652,0.02691227,0.027430479,-0.082986053,-0.006753765,-0.013989796,0.10979824,0.009798923,0.00810261,0.005128969,-0.002174314,-0.014126868,0.001959665,0.001582324,0.037284551,0.002607923,-0.000580189,0.008962462,-0.017685494
0,0,0,0,-1,-3.84E-17,9.59E-18,0.370716574,-0.012213551,0.050770797,0.027350403,0.029065087,-0.091604672,-0.006780396,-0.018090138,0.108023947,0.005959579,0.007661884,0.00943175,-0.005184116,-0.015429698,0.000811495,0.002166979,0.037726709,0.004451201,0.00268541,0.009457363,-0.014176424
0,0,0,0,-1,-1.90E-17,9.52E-18,0.367526689,-0.002517266,0.039788262,0.024277911,0.03076987,-0.088248247,-0.005656517,-0.017054847,0.11278764,0.00259329,0.008452953,0.003482636,-0.001440727,-0.012510179,-0.001123383,-0.001685518,0.033673699,0.003598787,0.000395002,0.008877379,-0.017108106
0,0,0,0,-1,9.40E-18,-2.35E-17,0.366375107,0.01127967,0.052849951,0.024160979,0.030376603,-0.086716635,0.004284085,-0.020371715,0.103271535,0.005940788,0.006366863,0.003467495,-0.024802801,-0.014965145,-0.006762748,0.004416907,0.015656871,0.010300428,-0.004485043,0.012386865,-0.023529549
0,0,0,0,-1,0,-6.64E-17,0.369055307,0.00527677,0.023978063,0.015141646,0.030572328,-0.089525393,-0.011083564,-0.018336509,0.113147912,0.005860241,0.003264491,0.000187021,-0.008371188,-0.009780974,0.002418351,-0.00096516,0.030842709,0.005779412,0.00010346,0.007372592,-0.014465484
0,0,0,0,-1,0,4.26E-17,0.372840211,0.028171344,0.078500065,0.037727958,0.036634069,-0.090003838,0.005849574,-0.018609885,0.105066636,0.004913696,0.012674263,0.011260029,-0.028027062,-0.012584939,-0.006492318,0.002119657,0.014343233,0.004859013,-0.002111486,0.012553693,-0.020536504
0,0,0,0,-1,5.76E-17,7.68E-17,0.369450897,-0.010026914,0.063398791,0.033207496,0.040574701,-0.094745974,-0.009255357,-0.018509807,0.121167617,0.007316381,0.004209993,0.008038156,-0.008976407,-0.013616895,-0.003239524,-0.002047492,0.026028242,0.005994179,0.001203613,0.012688849,-0.01704314
0,0,0,0,-1,0,9.22E-17,0.374671615,0.012901136,0.077489503,0.037617287,0.044843681,-0.101434352,0.008096626,-0.016195974,0.123628189,-0.00168283,0.009922116,0.011589067,-0.013073129,-0.017241574,-0.000746549,0.001460313,0.025007695,0.000640063,-0.000419098,0.014143888,-0.019152059
0,0,0,0,-1,-1.92E-17,-6.71E-17,0.369144678,-0.005221684,0.042246978,0.02414185,0.042023418,-0.092697835,-0.002502481,-0.017722411,0.125469664,0.005444421,0.001076367,0.001737094,-0.01294403,-0.014074164,-0.000317651,-0.001122211,0.026260756,0.001974964,0.001048546,0.006813748,-0.014712451
0,0,0,0,-1,0,9.55E-18,0.368708308,-0.006017107,0.028487541,0.016965575,0.036985964,-0.092493793,-0.006617906,-0.017734181,0.124053471,0.002384359,0.001711506,0.004276502,-0.010591181,-0.015720784,-0.0002707,0.001932418,0.026628166,0.003325884,0.000882176,0.00384615,-0.014275976
0,0,0,0,-1,1.90E-17,-1.90E-17,0.363757624,-0.005993243,0.043082553,0.022152821,0.042278409,-0.092600512,-0.00679896,-0.015719809,0.123980048,0.001150037,0.00248208,0.00370564,-0.011639676,-0.013636115,-0.003242019,-6.41E-05,0.024881835,0.003050143,-0.00018298,0.006091143,-0.015419586
0,0,0,0,-1,0,1.91E-17,0.375174908,-0.000416888,0.043694244,0.019171934,0.047940045,-0.091312189,-0.00488965,-0.017448177,0.120972897,0.002344595,0.006710485,0.010266329,-0.016982673,-0.010096529,-0.00220517,0.004812692,0.027046455,0.00559362,0.003289832,0.007815506,-0.011437519
0,0,0,0,-1,-1.92E-17,-9.58E-17,0.371170567,0.002892915,0.04007237,0.022411272,0.044971684,-0.089849468,-0.001230142,-0.014615851,0.125495883,0.003064374,0.007639243,0.005763247,-0.015625842,-0.01339136,0.001619151,0.000904771,0.023228499,0.003051357,0.000578809,0.00885263,-0.014940867
0,0,0,0,-1,-1.92E-17,9.60E-18,0.370744896,0.002460737,0.030073405,0.016926719,0.045499613,-0.092925897,-0.002546043,-0.014698937,0.127036398,0.000240778,0.006199952,0.004437762,-0.017711923,-0.011820219,0.001827617,0.002429154,0.022293544,0.004174045,-0.000358107,0.007488057,-0.014524958
0,0,0,0,-1,-1.91E-17,-9.53E-17,0.368051684,0.001771254,0.040878107,0.027563378,0.049383706,-0.091502442,-0.003799088,-0.012214232,0.127070069,0.004918779,0.008176834,0.009216889,-0.022131933,-0.010849085,0.000513933,0.004513913,0.021456437,0.004200884,-0.000755331,0.009845636,-0.014036647
0,0,0,0,-1,-1.91E-17,-5.74E-17,0.370788742,-0.003167055,0.041845049,0.024087426,0.048469049,-0.093313715,-0.001547295,-0.014444025,0.130512703,0.002297071,0.007548076,0.005311864,-0.018715512,-0.011896629,0.004020662,0.000326593,0.020369699,-0.001406902,-0.000801498,0.010371501,-0.015291133
0,0,0,0,-1,0,-1.90E-17,0.370461285,0.003694712,0.03161203,0.016969705,0.050108866,-0.091344202,0.001864246,-0.015976101,0.128160319,0.001422297,0.0057377,0.003088959,-0.02274148,-0.010715943,0.001153602,0.003244094,0.021778266,0.002985961,0.001282867,0.010002815,-0.012844133
0,0,0,0,-1,-3.81E-17,-8.58E-17,0.371129322,0.005167215,0.041695725,0.020109984,0.05187199,-0.090434237,0.000479216,-0.016691979,0.128441992,0.001002499,0.007874377,0.005587804,-0.021563311,-0.012126829,-0.001133656,0.00193473,0.023289716,0.004778456,-0.000161448,0.00950831,-0.013187243
0,0,0,0,-1,0,-9.55E-18,0.367482648,-0.00428142,0.033534132,0.022418801,0.046270947,-0.09015515,0.004744408,-0.008165911,0.13144052,0.007128338,0.002880836,0.006061347,-0.016749774,-0.015879695,0.004416746,0.002643203,0.025016896,0.005485137,0.003784546,0.006032359,-0.01267469
0,0,0,0,-1,-5.71E-17,-4.76E-17,0.367758518,0.001374501,0.021869548,0.011922946,0.046678005,-0.092796344,0.001079454,-0.013684352,0.128614782,0.003532177,-0.000200912,0.000671138,-0.018578342,-0.013349635,0.002674073,0.004370017,0.021197069,0.007023956,0.001142324,0.007393,-0.010833978
0,0,0,0,-1,0,-1.90E-17,0.367984772,0.007433442,0.050032929,0.024531377,0.049385457,-0.088852154,0.006399822,-0.013493015,0.125259167,-0.001555598,0.010499484,0.007303715,-0.020156885,-0.01308699,-0.001960182,0.002448184,0.019719488,0.001699621,-0.00130506,0.01276187,-0.012888935
0,0,0,0,-1,-1.90E-17,7.62E-17,0.372067846,0.006236313,0.044827093,0.018724372,0.053907931,-0.095592566,-0.006779271,-0.021022591,0.125791761,0.004250527,0.003287876,0.010457248,-0.022359763,-0.009040183,0.001303841,0.006031931,0.023948629,0.004463181,0.002862729,0.008062408,-0.009341394
0,0,0,0,-1,0,5.31E-17,0.375327688,0.010568897,0.089450204,0.036384867,0.054531819,-0.106557289,0.003452651,-0.014478593,0.127105327,0.000182429,0.001138875,0.018624055,-0.018312354,-0.01175108,-0.009021311,0.000377754,0.021141475,0.009475464,0.004951417,0.011165344,-0.011857911
0,0,0,0,-1,-1.92E-17,-5.76E-17,0.365181344,-0.009132505,0.073181523,0.035570165,0.048574394,-0.100402628,-0.008421993,-0.013762773,0.129360832,0.005991609,0.008261989,0.011862739,-0.012725,-0.012262476,0.002750049,-0.00399191,0.021271025,0.000612257,0.002063255,0.010367556,-0.012957044
0,0,0,0,-1,0,-5.68E-17,0.362085443,-0.004232462,0.033136233,0.017068562,0.046417621,-0.092455051,-0.007274266,-0.015047782,0.130868755,0.002128938,0.004786254,0.000742604,-0.013656996,-0.014672854,0.002293837,0.002391105,0.020839976,0.002891124,0.000518251,0.008227816,-0.011246737
0,0,0,0,-1,1.90E-17,-1.43E-17,0.365680908,0.006041868,0.04173924,0.019525736,0.049143832,-0.094203218,-0.000708504,-0.018467353,0.127972537,-0.00099237,0.009539197,0.004248407,-0.018028753,-0.014425773,0.000481997,0.000477445,0.020925047,0.00328037,-0.001120017,0.011713323,-0.013692587
0,0,0,0,-1,-3.81E-17,-9.52E-18,0.368147767,0.008381862,0.044282251,0.019289786,0.048212204,-0.09943007,0.000203229,-0.017685433,0.124473677,0.001768871,0.004306092,0.0102233,-0.01998129,-0.010522351,-0.001886543,0.00423062,0.025142722,0.006226499,0.002527187,0.010050864,-0.010082602
0,0,0,0,-1,2.42E-17,1.45E-17,0.367652435,-0.004153596,0.077176932,0.036904884,0.050567634,-0.104783238,-0.010214302,-0.01484931,0.130926827,0.00806876,0.013045725,0.01437623,-0.012046597,-0.017676161,0.00448687,-0.007214887,0.022794267,-0.001588817,0.001122655,0.013484433,-0.017012285
0,0,0,0,-1,3.77E-17,5.66E-17,0.36128671,0.01004712,0.042146055,0.019901917,0.048707789,-0.088070678,-0.012254199,-0.021328281,0.127448851,0.00734459,0.004821619,0.005965424,-0.017505915,-0.013324758,-0.000665638,-0.001583488,0.021937994,0.000505092,-0.002290668,0.012822123,-0.011695557
0,0,0,0,-1,-1.89E-17,-2.83E-17,0.361951996,0.004279769,0.04063376,0.019455874,0.044536228,-0.0939512,-0.005778214,-0.014512937,0.129104334,0.004561867,0.009018504,0.005682959,-0.013977433,-0.013593774,0.002938999,0.000271174,0.020478954,0.001543367,-0.002076936,0.011228713,-0.012405188
0,0,0,0,-1,0,9.42E-18,0.358589792,-0.005018932,0.049403633,0.018215783,0.040136051,-0.099289734,0.002323527,-0.009438184,0.128907098,0.004967768,0.003767901,0.00560968,-0.011380924,-0.017685299,0.000485282,0.003216594,0.022508112,0.0073727,0.002421106,0.008111469,-0.010042237
0,0,0,0,-1,3.77E-17,1.41E-16,0.358878242,-0.021016949,-0.00668429,-0.002899718,0.029326141,-0.099183409,0.016617882,-0.00416892,0.129839379,0.017362976,-0.0122208,-0.006889777,-0.003255876,-0.024171765,0.001634757,0.008490543,0.021482002,0.004830659,0.007023289,-0.004359993,-0.008696074
0,0,0,0,-1,5.58E-17,4.65E-17,0.34559327,-0.01261664,0.042959929,0.023246191,0.032130849,-0.094639413,-0.014345513,-0.017098398,0.128478085,-1.13E-05,0.005026105,0.004567301,-0.008508659,-0.00850211,-5.69E-05,-0.005229813,0.025130178,-0.001987359,0.005717683,0.007459617,-0.00842345
0,0,0,0,-1,9.61E-18,4.81E-18,0.366322644,0.018594419,0.099851034,0.03982948,0.042997812,-0.112267761,0.007012942,-0.014935091,0.128291729,-0.005037996,0.015241529,0.019654477,-0.016394958,-0.023116486,-0.005541654,0.002052011,0.021408732,0.004484407,-0.001392525,0.018134216,-0.007663746
0,0,0,0,-1,-3.72E-17,-2.33E-17,0.349387554,-0.000217909,0.038874063,0.01507923,0.025572067,-0.097299129,-0.006993237,-0.008428269,0.128698551,0.003201598,0.003480231,0.00212075,-0.008349428,-0.017348376,-0.000520289,-0.000295036,0.022785361,0.004158895,-0.000513259,0.007211385,-0.006659666
0,0,0,0,-1,0,-2.80E-17,0.350398086,0.010003608,0.040025248,0.019477828,0.024635527,-0.102634822,-0.009021879,-0.006139316,0.129034799,0.000213263,0.004332615,0.005231106,-0.011019047,-0.017563077,0.001826689,-0.000470625,0.024940817,0.005204438,0.00166332,0.010688019,-0.005498463
0,0,0,0,-1,-1.89E-17,-7.08E-17,0.354648589,0.003706738,0.080645195,0.027844372,0.025210613,-0.113441561,0.006113011,-0.009541002,0.129914035,-0.002681729,0.001074158,0.014808161,-0.008928577,-0.017347748,-0.003184452,0.000419447,0.025590074,0.008376632,0.004569864,0.010138644,5.28E-06
0,0,0,0,-1,-3.71E-17,1.85E-17,0.3471958,-0.002803205,0.042651905,0.015840108,0.017812123,-0.100254945,-0.001171426,-0.006652637,0.129679321,0.004784206,0.002720106,0.001715229,-0.004185988,-0.017459223,0.000460126,-0.001573464,0.02450481,0.001521602,-0.000694084,0.006919036,-0.003041215
0,0,0,0,-1,-1.85E-17,-9.25E-18,0.347268797,0.00727972,0.048551986,0.018616879,0.02001474,-0.100514597,-0.00039734,-0.007606822,0.128262532,0.001973445,0.00517743,0.004818305,-0.005742506,-0.01588089,-0.000370578,0.000493823,0.023827568,0.004099896,-0.000139401,0.009499202,-0.002707788
0,0,0,0,-1,-2.77E-17,-9.24E-17,0.348937696,0.024961747,0.054215654,0.033218389,0.020253409,-0.082523314,0.006986841,0.000457855,0.131461373,0.015918237,0.025025742,0.007016912,-0.010393341,-0.021045882,0.013894301,0.005077088,0.018823791,-0.002008896,0.00617419,0.014855631,-0.004915175
0,0,0,0,-1,3.68E-17,4.60E-17,0.349036563,0.019748127,0.055850457,0.02761462,0.01943077,-0.085197712,0.001779459,-0.004062119,0.129139247,0.013313709,0.02016244,0.007255858,-0.010162784,-0.016717706,0.008104157,0.003169168,0.02059171,-0.000916675,0.001401264,0.014821303,-0.002496513
0,0,0,0,-1,2.81E-17,-4.93E-17,0.348396667,0.008295278,0.088234266,0.039411754,0.008446583,-0.107679437,0.002141929,-0.006967894,0.129356824,-0.002142404,0.019414911,0.018794834,-0.005946275,-0.018544965,-0.005793879,0.002208362,0.024786911,0.003652334,-0.002195514,0.016014853,0.003041691
0,0,0,0,-1,-7.38E-17,-7.38E-17,0.340494141,-0.008283496,0.05595222,0.023346248,0.00541735,-0.101938415,-0.014521882,-0.006676939,0.130575057,0.007227346,0.003635758,0.004335243,-0.000460831,-0.011890931,0.000987332,-0.00298884,0.025537616,-0.000815231,0.002139909,0.007999025,0.000861564
0,0,0,0,-1,-3.68E-17,2.76E-17,0.342679722,-0.011059906,0.048864383,0.021026109,-0.000303128,-0.099296604,-0.012882049,-0.004362396,0.126636641,0.003557098,0.005274862,0.004127861,4.12E-05,-0.012469101,-0.001606527,-0.000956914,0.025403801,0.00316634,0.002712631,0.009644396,0.004071466
0,0,0,0,-1,0,-2.35E-17,0.350094767,0.019667855,0.119842011,0.047288978,0.008868699,-0.107847977,0.006136616,-0.009680497,0.126580272,-0.00167375,0.019005313,0.025571426,-0.01670549,-0.019618221,-0.010203119,0.009212494,0.021029842,0.007516345,-0.008035943,0.020129501,0.00238933
0,0,0,0,-1,-2.31E-18,-3.12E-17,0.339226174,-0.002014476,0.046364795,0.022776187,-0.00223599,-0.099369982,-0.005181835,-0.001741379,0.129049013,0.004103823,0.00758638,0.00342345,-0.002139797,-0.019226446,0.005272906,0.001588165,0.0264768,-0.00119953,-0.002095139,0.009036023,0.005912582
0,0,0,0,-1,0,-3.25E-17,0.345179526,0.012644693,0.062141626,0.032346944,-0.001243811,-0.095035697,0.002075358,0.005260398,0.126077302,0.007133252,0.015310752,0.010813835,-0.006296055,-0.015771847,0.011728483,0.005720628,0.025193733,-0.002926798,0.005020002,0.010428593,0.00191676
0,0,0,0,-1,-1.38E-17,-5.98E-17,0.344363709,0.016835735,0.050112307,0.032337956,-0.000168213,-0.08810359,-0.005053344,0.005697346,0.130661079,0.017688321,0.012418922,0.009155845,-0.000948359,-0.007585777,0.013753266,0.003159606,0.025859019,-5.68E-05,0.008872788,0.007564199,0.000561095
0,0,0,0,-1,-1.87E-17,-1.87E-17,0.342710061,-0.008740297,0.053960157,0.025046341,-0.010656645,-0.104098821,-0.010992686,-0.000935458,0.127786806,0.009353138,0.005705698,0.006834477,-0.00352006,-0.015125703,0.009663252,0.003727332,0.024811977,-0.003986512,0.003252196,0.013062021,0.009131769
0,0,0,0,-1,-3.75E-17,1.88E-17,0.34361957,-0.001573407,0.068153711,0.030509234,-0.012623449,-0.106979558,-0.003794698,0.000626711,0.126795237,0.00485894,0.00286652,0.008964066,-0.001410485,-0.013190848,0.005297696,0.003850169,0.024548331,-0.003102634,0.005697572,0.014231827,0.009718821
0,0,0,0,-1,0,7.43E-17,0.348013605,-0.004051149,0.026806951,0.008641168,-0.019418923,-0.100482097,0.00327417,0.00803237,0.122454351,0.005467286,-0.000858267,-0.00060464,0.004707283,-0.01378062,0.00195886,0.002572129,0.024315488,-0.003069554,0.002626448,0.008611901,0.005514991
0,0,0,0,-1,0,1.85E-17,0.342042266,0.004381245,0.029980242,0.014433525,-0.016531002,-0.094242365,-0.001974738,0.003443839,0.123747811,0.003708496,0.000679164,0.000646281,0.000700685,-0.015215162,0.002030586,-0.000675097,0.022786307,-0.001468708,-0.001192876,0.011245535,0.007818906
0,0,0,0,-1,5.61E-17,-1.87E-17,0.343894523,-0.004946213,0.050412897,0.021024457,-0.019477056,-0.101021119,-0.006315631,0.000379611,0.125791494,0.005073575,0.002630809,0.003177091,0.002183532,-0.017014424,0.004709343,0.001175172,0.024130784,-0.005034484,-0.001143366,0.010023485,0.010662178
0,0,0,0,-1,4.72E-17,5.67E-17,0.353182801,-0.003822891,0.061309897,0.024195515,-0.026705612,-0.111121565,0.009336716,0.00261053,0.124583581,0.002235966,0.000986511,0.008465793,0.007938874,-0.013216295,7.27E-05,0.002658428,0.024924297,-0.000659081,0.003530614,0.00796435,0.01001866
0,0,0,0,-1,-1.87E-17,2.81E-17,0.352272717,-0.001812532,0.030923026,0.009559894,-0.02495922,-0.101210554,-0.002885226,0.002404414,0.122882297,0.001531995,-0.000972807,0.00133634,0.00627585,-0.016163251,0.00266432,-0.001456543,0.022775944,-0.00296461,0.001078428,0.008110161,0.009893349
0,0,0,0,-1,4.74E-17,7.58E-17,0.355383033,-0.003395104,0.043423582,0.017047677,-0.030128049,-0.103920274,-0.006966308,-0.00245666,0.126975502,0.005121505,2.27E-05,0.000224627,0.008666778,-0.016654633,0.004879228,-0.004407035,0.021005748,-0.000639359,0.00157271,0.006193837,0.010789246
0,0,0,0,-1,1.91E-17,6.92E-17,0.353024487,-0.000805173,0.05984146,0.02841956,-0.031157814,-0.104784898,-0.008354873,-0.00058112,0.128483499,0.008451479,0.004627387,0.005836733,0.007396105,-0.016977325,0.004381486,0.000526994,0.023952885,-0.003037562,-0.000684404,0.007852749,0.012739462
0,0,0,0,-1,-3.79E-17,-3.79E-17,0.352504519,0.00179159,0.034948151,0.017028905,-0.031634053,-0.101118875,-0.005282852,-0.000127205,0.126787755,0.005712641,-1.88E-06,-0.000235079,0.005163192,-0.013074151,0.001837639,-0.000322119,0.019785949,-0.001310987,0.001162481,0.007789131,0.010644611
0,0,0,0,-1,-3.85E-17,-5.78E-17,0.362118834,0.013109276,0.06506028,0.029784219,-0.030742095,-0.101962284,-0.00452993,-0.001234477,0.132517178,0.011514438,0.006537054,0.009120871,0.006645794,-0.017005341,0.007726109,0.003328797,0.025048414,-0.005691927,1.64E-06,0.008731068,0.014193385
0,0,0,0,-1,0,-9.26E-18,0.349792044,0.024312959,0.028509466,0.025545129,-0.033552856,-0.077813843,-0.001505709,0.013776117,0.121298978,0.020073027,-0.000628918,0.010927485,-0.002342034,-0.010163111,0.004335548,0.008940304,0.013716156,-0.00108401,-0.0043781,0.014319094,0.004247781
0,0,0,0,-1,-9.84E-18,-4.43E-17,0.36863863,0.027870783,0.081334913,0.046617596,-0.03391466,-0.094452451,0.018895059,0.012989415,0.133973428,0.007695762,0.024660435,0.015376446,0.003166657,-0.019160675,0.017720204,0.006071492,0.01812767,-0.01071398,0.003921785,0.013748909,0.005241421
0,0,0,0,-1,9.62E-18,2.88E-17,0.36269135,0.009651207,0.030889548,0.012024634,-0.040103024,-0.097612324,-0.006887688,0.003777728,0.12740825,0.006027326,-0.004179198,-0.003076898,0.011884789,-0.009500067,0.000410163,-0.007132237,0.023532268,-0.000341253,-0.004062483,0.005639475,0.010800864
0,0,0,0,-1,9.84E-18,-4.92E-18,0.372323393,0.013210518,0.054320135,0.02544276,-0.041793611,-0.107942604,0.009973236,0.002476678,0.135575387,0.01305854,0.007778741,0.000518286,0.012429473,-0.016500047,0.0028882,0.00062558,0.025149874,-0.010709457,-0.002308819,0.007783304,0.011752077
0,0,0,0,-1,9.90E-18,9.40E-17,0.380232497,0.010253547,0.070323824,0.028586353,-0.04806496,-0.112818101,0.003592437,0.014170053,0.123573131,-0.003108784,-0.004511577,0.020067649,0.020501883,-0.007397256,0.001419326,-0.008218569,0.026099802,-0.003047855,0.005542887,0.006113584,0.007532049
0,0,0,0,-1,0,-4.92E-17,0.373331001,0.001111119,0.049964656,0.025797933,-0.044855449,-0.103935904,-0.012488106,-0.003086941,0.134762354,0.013001439,-0.005125958,0.004689319,0.016757041,-0.006373049,0.003096177,-0.00971561,0.023438435,-0.005265158,-0.000649402,0.00542641,0.016713577
0,0,0,0,-1,5.17E-18,2.33E-17,0.402726503,-0.01360639,0.071731632,0.03614878,-0.054311379,-0.148517957,-0.001422419,0.003598821,0.130863078,0.017424151,-0.000807313,0.009925073,0.020713468,0.000798298,0.004996445,-0.006199066,0.03186529,-0.014805548,0.004414022,0.008635173,0.012793785
0,0,0,0,-1,-4.04E-17,-8.08E-17,0.388459759,-0.014998149,0.098616094,0.0481739,-0.052016309,-0.117881207,-0.011727123,0.006207942,0.123556723,0.008522442,-0.004657792,0.019601482,0.024969905,-0.002209234,0.014169562,-0.007239556,0.021086457,-0.010827936,0.009991104,0.005656657,0.012829327
0,0,0,0,-1,4.08E-17,8.41E-17,0.393537697,-0.007399578,0.09539059,0.041063389,-0.052304725,-0.119492596,-0.00532806,0.007901967,0.123899437,0.007422168,-0.002449401,0.015836077,0.021478485,-0.00192783,0.013796786,-0.008025282,0.025884642,-0.009963897,0.006957234,0.005248116,0.014680068
0,0,0,0,-1,2.56E-17,1.02E-17,0.397632347,-0.006650187,0.104141675,0.044938343,-0.051947706,-0.119968575,-0.011697305,0.006615071,0.125740969,0.00913593,-0.00062871,0.014304841,0.024379234,-0.005593514,0.017433865,-0.01101171,0.023547944,-0.012329078,0.008924882,0.007589854,0.014305834
0,0,0,0,-1,-1.98E-17,9.88E-18,0.386271689,-0.001548581,0.038149605,0.02576642,-0.041008589,-0.095079572,-0.000193287,0.008849207,0.124882005,0.006739903,0.000987683,0.001729252,0.022807011,-0.007804231,0.01117523,-0.014125452,0.020740116,-0.004666497,0.000592885,0.002992095,0.009783456
0,0,0,0,-1,0,-2.01E-17,0.393028324,-0.002966793,0.039577653,0.031767504,-0.046446443,-0.094804379,0.00482263,0.011190608,0.122413459,0.001335107,0.00164151,0.005102096,0.022071844,-0.008788396,0.004448609,-0.010773938,0.021843642,-0.002440888,0.0002632,-9.74E-06,0.010855809
0,0,0,0,-1,-2.00E-17,-3.01E-17,0.390891371,0.009335445,0.043537275,0.033544833,-0.040032737,-0.088883157,0.006722135,0.011446293,0.124200121,0.001075118,0.003607497,0.005724909,0.014999268,-0.008959552,0.004406375,-0.0073423,0.018238696,-0.000467218,0.000179085,0.004111337,0.015078551
0,0,0,0,-1,2.00E-17,2.99E-17,0.390229427,0.003109217,0.039173617,0.035057584,-0.041040445,-0.084279597,0.006689405,0.017201771,0.121931919,0.005864351,0.00583768,0.005235767,0.019687825,-0.008407548,0.011706552,-0.009248431,0.018522458,-0.003290595,0.00107364,0.003083492,0.011050684
0,0,0,0,-1,-3.01E-17,-5.02E-18,0.39609136,-0.006885894,0.05208904,0.034994692,-0.042234948,-0.099379078,0.000432357,0.013432496,0.11842323,0.004908975,0.000744752,0.009232644,0.017715343,-0.006479032,0.006249073,-0.007236549,0.020015259,-0.006823426,0.003420189,0.002335003,0.01333026
0,0,0,0,-1,0,0,0.390805631,0.008598059,0.056850521,0.042648523,-0.033903407,-0.092468981,0.006103955,0.015639279,0.119849453,0.003385335,0.008275106,0.00797406,0.01364369,-0.010002757,0.008061683,-0.00471728,0.024938785,-0.00308828,0.002924562,0.005219914,0.015118561
0,0,0,0,-1,-2.99E-17,-8.46E-17,0.388240539,0.001016706,0.037722357,0.034565655,-0.035543677,-0.09198622,0.005138289,0.019686164,0.117714764,0.002256092,0.004611735,0.004643122,0.010845937,-0.010891773,0.005854969,-0.006420635,0.022273162,-0.00214295,-0.000693887,0.00415501,0.015106863
0,0,0,0,-1,-4.01E-17,-1.10E-16,0.393524153,-0.011889132,0.065153534,0.041066662,-0.036692529,-0.102695237,-0.01396673,0.011565212,0.115317627,0.012938896,0.001795867,0.01142159,0.014387208,-0.009272633,0.010231961,-0.012378194,0.027059687,-0.00652168,0.001030115,0.006045083,0.013752814
0,0,0,0,-1,1.93E-17,5.80E-17,0.375640857,0.001438981,0.019255418,0.023758153,-0.028943506,-0.082266029,0.003565368,0.016465271,0.115637057,0.00535716,-0.001242607,-0.003970469,0.012064261,-0.008231855,0.003299053,-0.004203429,0.025169208,0.002131221,-0.000146708,0.002445268,0.01549733
0,0,0,0,-1,1.97E-17,9.86E-18,0.38735507,0.000374394,0.048865421,0.040400038,-0.032915667,-0.092885872,0.006438611,0.011056913,0.123520148,0.011417434,0.014807668,0.003399037,0.012917759,-0.019391892,0.006361618,-0.006194026,0.025365707,-0.005154671,-0.000749737,0.007152165,0.014533164
0,0,0,0,-1,-1.94E-17,-4.85E-17,0.371316726,0.011990307,0.039527301,0.033659942,-0.030578396,-0.086480732,0.008986518,0.011005836,0.115028551,0.003309562,0.007781226,0.00108897,0.007241625,-0.011859425,0.00477334,-0.001943861,0.028087725,-0.000676398,-0.000967219,0.007407396,0.016293771
0,0,0,0,-1,1.95E-17,-4.88E-18,0.371073108,0.007790305,0.04617327,0.034634418,-0.032203907,-0.0909521,0.011903918,0.011236639,0.112577533,-0.000431991,0.00762087,0.003263519,0.00153802,-0.013446357,0.001672632,0.001747531,0.03151515,-0.000184382,0.001337022,0.009572436,0.021468545
0,0,0,0,-1,1.94E-17,5.35E-17,0.368974173,0.003404653,0.049398017,0.034947786,-0.030684604,-0.096242202,0.007881462,0.013114036,0.109871232,-0.000164762,0.003088881,0.006010058,0.002988625,-0.010532076,0.001001861,0.002716992,0.034959218,0.000944434,0.000156845,0.006987201,0.018802232
0,0,0,0,-1,0,-5.30E-17,0.367057564,0.003798848,0.037873805,0.022314565,-0.026783462,-0.092288063,0.005894158,0.010804411,0.109102439,-0.00272065,0.000777787,-0.000562997,0.00493453,-0.010916473,0.000596782,0.001601342,0.036108547,0.001421972,0.000235617,0.003470117,0.01836315
0,0,0,0,-1,0,-8.14E-17,0.362302638,0.012657671,0.034613254,0.016841602,-0.025250281,-0.084956221,-0.001210537,0.003037456,0.109444606,0.001025991,0.000941226,-0.005250291,0.001892307,-0.015724968,0.000698375,-0.001862001,0.036251551,-0.00481378,-0.002465976,0.007278581,0.014483936
0,0,0,0,-1,3.77E-17,4.71E-17,0.359784715,0.014384129,0.033515224,0.023005821,-0.024827701,-0.084337126,-0.004229645,0.009131363,0.109092646,0.006710956,-0.002688612,0.001778903,0.002733289,-0.011994645,-0.000469334,0.003381965,0.036471393,-0.000128854,-0.001541188,0.010954541,0.011373517
0,0,0,0,-1,1.89E-17,8.52E-17,0.356200493,0.027074424,0.049741885,0.032652033,-0.018663911,-0.085572012,0.004844669,0.010851837,0.108994777,0.013475229,0.008633075,0.006768662,-0.003021972,-0.013993994,0.008471879,0.007122772,0.036541165,-0.003423328,0.001815232,0.018804659,0.009243474
0,0,0,0,-1,9.44E-18,5.43E-17,0.347311904,-0.006081564,0.071454044,0.044175403,-0.013912918,-0.093730948,-0.020843323,-0.004487815,0.105495284,0.017613291,0.01226941,0.015121177,-0.007423659,-0.022261537,0.009865977,0.005806518,0.037303542,-0.006882356,-0.005592688,0.013970885,0.012528118
0,0,0,0,-1,1.87E-17,-2.81E-17,0.352027968,0.008415175,0.021528359,0.017988728,-0.016441491,-0.090130724,0.012015338,0.007950965,0.106591052,0.005998294,0.000882769,-0.003358758,0.000683685,-0.019732535,0.002810522,0.002689631,0.036415096,-0.004898536,0.000366989,0.01327911,0.006895739
0,0,0,0,-1,4.26E-17,1.01E-16,0.347107516,-0.004757131,0.083834758,0.04776814,-0.003822611,-0.089870125,-0.009994051,-0.007171191,0.108336075,0.014798759,0.023521206,0.015383709,-0.010159918,-0.025835923,0.014484712,0.00890647,0.038653353,-0.008879944,-0.002365169,0.015350712,0.009021374
0,0,0,0,-1,0,-9.34E-18,0.348455656,-0.004558869,0.04773471,0.024853883,-0.006208502,-0.091097234,-0.011196667,-0.003173266,0.108469173,0.011991179,0.006713638,0.002679427,-0.002160896,-0.020667666,0.008747745,0.002806996,0.040876094,-0.005168373,-0.004443392,0.007401221,0.008648519
0,0,0,0,-1,3.71E-17,0,0.346344722,-7.95E-05,0.02606766,0.015387798,-0.00701059,-0.092511342,-0.009117968,-0.002762664,0.106314106,0.007824134,0.000841983,-0.002143864,-0.001149718,-0.016863252,0.003387869,0.001740046,0.040577108,0.000829196,-0.002503756,0.006841239,0.008669921
0,0,0,0,-1,3.68E-17,8.29E-17,0.345655652,-0.003826887,0.02050928,0.010760036,-0.007456275,-0.090022414,-0.005130911,-0.000376256,0.105671092,0.009542783,0.000834478,-0.007224951,0.001861567,-0.015510762,0.00436809,0.000822406,0.038871095,0.000663009,-0.002241823,0.005711785,0.005917163
0,0,0,0,-1,0,4.62E-17,0.345290088,0.001324044,0.018140316,0.013070646,-0.001403737,-0.087162772,-0.006736604,-0.001968961,0.104138507,0.004618055,0.003952632,-0.003699481,-0.001955162,-0.017433711,0.000648292,0.003044007,0.040000608,7.50E-05,-0.002315451,0.008791356,0.003017225
0,0,0,0,-1,1.86E-17,-4.64E-17,0.349973675,-0.008373482,0.017815289,0.00890649,-0.002316705,-0.091787952,-0.00465304,-0.004400369,0.109514695,0.011795269,-0.001875168,-0.007299,0.002034626,-0.021611412,0.002566638,0.000387854,0.039193961,-0.001068892,-0.001214005,0.004925092,0.002807189
0,0,0,0,-1,1.85E-17,5.56E-17,0.347392629,-1.83E-05,0.044212132,0.016488271,0.003779902,-0.092335531,-0.010173803,-0.008206601,0.109705252,0.009329324,0.004253194,-0.000565114,-0.000566115,-0.019722347,0.001414525,0.002241892,0.041118723,0.00166564,-0.006448073,0.012838335,0.001427662
0,0,0,0,-1,0,5.50E-17,0.343839033,-0.006644574,0.018094739,0.007354804,0.00302861,-0.084703858,-0.002112622,-0.004025741,0.108947364,0.007714504,-0.001874995,-0.008880528,-0.000520109,-0.015166052,0.005423428,0.001875755,0.03997627,0.004995815,-0.003147605,0.004534287,0.001395732
0,0,0,0,-1,0,1.84E-17,0.347491638,0.005349892,0.022794152,0.004399425,0.008753114,-0.084225314,-0.005792954,-0.008387385,0.108140324,0.009209768,0.001159238,-0.007320548,-0.000181947,-0.012250268,-0.000700411,0.000472666,0.043238109,0.006175082,-0.001885867,0.006598749,-0.000753255
0,0,0,0,-1,-1.87E-17,-2.80E-17,0.35224879,0.003814353,0.061957099,0.025148274,0.012830505,-0.096966586,0.004373634,-0.000572233,0.107614305,-0.002105894,0.009036809,0.006314184,-0.005242767,-0.021819104,-0.00020218,0.004650506,0.037748118,0.002764034,-0.00587617,0.016590208,-0.008884471
0,0,0,0,-1,2.79E-17,1.40E-17,0.34807861,-0.006234575,0.061477585,0.035419473,0.014952133,-0.091147809,-0.009137658,0.001084742,0.109098963,0.011506651,0.010551269,0.012032221,-0.002287251,-0.015421864,0.003003501,0.003706533,0.040710239,0.005993872,-0.001160741,0.013043165,-0.007945471
0,0,0,0,-1,2.59E-17,6.76E-17,0.356767315,-0.009893705,0.078758409,0.036460484,0.020883377,-0.092043622,-0.009692654,-0.008680711,0.112314176,0.009605096,0.019975084,0.013574579,0.000568626,-0.026013979,-0.000725756,-0.001396327,0.04069239,0.005346925,-0.007516127,0.015409082,-0.009147516
0,0,0,0,-1,2.39E-17,6.57E-17,0.364481759,0.022669805,0.104202294,0.053096376,0.025500187,-0.095656176,0.007182479,-0.003275286,0.110373353,0.004210558,0.021879471,0.026565587,-0.002851642,-0.018311673,-0.004662491,0.002559621,0.033879049,0.00673349,0.004405131,0.021527385,-0.01560539
0,0,0,0,-1,-1.88E-17,7.07E-17,0.358023765,0.00142959,0.061017728,0.02739963,0.023485267,-0.096320422,-0.005770579,-0.00839222,0.109924441,0.007079278,0.008345316,0.008219341,0.000697726,-0.015062784,-0.0024261,0.000991451,0.03969319,0.004107795,-0.001149875,0.01228074,-0.014922669
0,0,0,0,-1,3.75E-17,-9.37E-18,0.357390724,0.010435718,0.038570689,0.024369757,0.025618157,-0.091262844,0.007187192,-0.001884616,0.112350135,0.001348502,0.00615971,0.001789658,-0.002201948,-0.015633566,-0.000605565,0.007802461,0.03905037,0.00643653,-0.000679817,0.008205721,-0.015727774
0,0,0,0,-1,-3.77E-17,-1.89E-17,0.367191767,0.017273726,0.048901009,0.022189962,0.032474365,-0.089394154,0.002376589,-0.015237081,0.111278673,0.003744852,0.010770743,0.004719031,-0.003167432,-0.020190307,0.000468386,0.002617331,0.034956377,0.001343289,-0.004647193,0.013107102,-0.018474553
0,0,0,0,-1,3.81E-17,9.52E-18,0.362184662,0.002608364,0.054421489,0.031767429,0.026294467,-0.093392668,-0.006630682,-0.008567382,0.1097469,0.008653971,0.005976616,0.011206257,-0.001729605,-0.012096793,0.002168508,0.000792303,0.036076308,0.005998593,0.002033302,0.01241018,-0.019121355
0,0,0,0,-1,0,9.46E-18,0.365137433,0.014249396,0.04990147,0.030911117,0.03347191,-0.086789242,0.006128463,-0.008554371,0.114364087,0.004295142,0.010369565,0.00495045,-0.008960276,-0.013195449,0.000566687,0.006582234,0.030135903,0.002053575,-0.001820531,0.015746642,-0.021758525
0,0,0,0,-1,1.91E-17,-4.78E-17,0.359363486,-0.004855262,0.04172371,0.031515082,0.027070252,-0.091795331,-0.004835975,-0.008513205,0.112124421,0.005213527,0.00313217,0.006432889,-0.003845089,-0.010568059,0.000962341,0.00236509,0.033154139,0.002699655,0.002561577,0.009561492,-0.018586793
0,0,0,0,-1,-9.48E-17,-8.53E-17,0.35747741,-0.00322111,0.025515441,0.028569509,0.026621494,-0.082625551,-0.007944402,-0.006949105,0.111956672,0.006181353,0.005857232,0.002459698,-0.007346271,-0.014065922,0.001512775,0.005557819,0.02774016,0.001805427,-0.000762154,0.011739566,-0.021400083
0,0,0,0,-1,-1.92E-17,-9.60E-18,0.365823601,-0.003623385,0.035361786,0.030781469,0.028902994,-0.086376057,-0.002112389,-0.006191857,0.111465806,0.007509837,0.004932617,0.007254677,-0.001275433,-0.008974118,0.003856497,0.001914696,0.034917947,0.000485032,0.005087271,0.006187989,-0.020011227
0,0,0,0,-1,-1.94E-17,-1.07E-16,0.368287839,-0.003649814,0.043269012,0.035538948,0.036123741,-0.089421776,-0.002933111,-0.013937465,0.116970107,0.003563682,0.007103259,0.00578833,-0.004350029,-0.009042335,0.005044852,0.00145271,0.032798954,-0.001377598,0.005556375,0.008163656,-0.020105133
0,0,0,0,-1,9.65E-18,1.93E-17,0.367155999,-0.01261248,0.030900153,0.025811328,0.036654002,-0.084142303,-0.007553255,-0.016733466,0.116048575,0.004422176,0.009799147,0.005522272,-0.00660114,-0.013058185,0.001788521,0.000434838,0.033502123,0.00187543,0.001732103,0.004414605,-0.021955521
0,0,0,0,-1,-3.74E-18,-1.14E-17,0.370454474,-0.001183525,0.060239754,0.041686902,0.042083133,-0.091281014,-0.004974471,-0.012570429,0.120342467,0.003981125,0.011580202,0.013942243,-0.009141583,-0.010021928,0.00407659,0.00583534,0.031167501,0.003686412,0.006035774,0.01054359,-0.017414222
0,0,0,0,-1,0,-2.46E-18,0.383257817,0.02838387,0.072779254,0.046130685,0.04945761,-0.082119819,0.0199197,-0.011389276,0.118823112,-0.001530542,0.029054605,0.018460825,-0.018272218,-0.024812771,0.008892467,0.009024555,0.023759805,-0.005787072,0.002485232,0.015565428,-0.020375465
0,0,0,0,-1,-2.92E-17,-1.46E-17,0.372571557,-0.000693739,0.054056038,0.03208586,0.045571752,-0.088979787,-0.008893414,-0.01968685,0.122206931,0.006180924,0.00903092,0.01232412,-0.011108638,-0.012905559,-0.000178966,0.002627322,0.030363027,0.00473885,0.002435752,0.007849617,-0.016077723
0,0,0,0,-1,1.94E-17,-2.43E-17,0.373982523,0.003942686,0.026155506,0.017536468,0.044531659,-0.088195469,0.003187155,-0.017214516,0.123951913,0.002433169,0.001117615,0.002003287,-0.01370595,-0.015024154,0.000647203,0.008511171,0.027965,0.007357527,0.003940035,0.004174347,-0.013833291
0,0,0,0,-1,4.81E-17,5.77E-17,0.372908328,0.013612847,0.034468441,0.026480778,0.04805099,-0.080887654,-0.004120204,-0.013865478,0.117859173,0.012226126,0.00863089,0.013227124,-0.02094863,-0.007166488,0.002710302,0.01142881,0.027223928,0.007140579,0.00491565,0.007419689,-0.008862664
0,0,0,0,-1,3.87E-17,2.42E-17,0.373183441,0.000487556,0.036413831,0.021686777,0.047977103,-0.087906536,0.001472493,-0.013534001,0.120884972,0.001689278,0.00492622,0.007987431,-0.020529823,-0.010560459,0.000766373,0.007864283,0.025670197,0.004568701,0.00560717,0.004664066,-0.011390209
0,0,0,0,-1,0,-8.65E-17,0.37112998,0.011258966,0.024309768,0.017475198,0.050609641,-0.081167755,0.00321972,-0.013371045,0.124249797,0.006624764,0.007212424,0.002692675,-0.020459054,-0.009393582,-0.000762837,0.007892006,0.024242637,0.007324161,0.002339823,0.004349249,-0.011676531
0,0,0,0,-1,0,-5.77E-17,0.372038593,0.002870785,0.017751484,0.016810853,0.051242416,-0.079537978,0.002731489,-0.01301114,0.127644217,0.007720222,0.006450178,0.001546377,-0.019209393,-0.011229454,0.00141627,0.007039735,0.022798554,0.004689411,0.003281201,0.004662309,-0.011320931
0,0,0,0,-1,3.85E-17,5.30E-17,0.372545696,0.008711194,0.01999883,0.009343654,0.052741519,-0.081507699,-4.63E-05,-0.015875755,0.125649483,0.005730933,0.006224142,0.001454612,-0.023041828,-0.009941246,0.00031172,0.009823011,0.023416417,0.005702312,0.000619297,0.0056878,-0.00818487
0,0,0,0,-1,3.84E-17,5.76E-17,0.36959859,0.012679078,0.016394459,0.012088679,0.052288254,-0.075635264,0.001201516,-0.012881307,0.124356618,0.006326489,0.006405199,0.000355936,-0.025127517,-0.008672071,0.001021274,0.010624931,0.021364741,0.003515156,0.000866503,0.005100813,-0.005888424
0,0,0,0,-1,-5.76E-17,1.92E-17,0.372332649,0.010239625,0.019761467,0.011300289,0.052411283,-0.083905677,0.003272444,-0.011259436,0.12926278,0.008307748,0.004998876,-0.000157068,-0.023207436,-0.01173659,0.00186455,0.008146863,0.021858658,0.004062844,0.002514156,0.004476824,-0.008875962
0,0,0,0,-1,2.89E-17,1.93E-17,0.370175567,0.001135623,0.032776823,0.016073325,0.053304684,-0.088756939,-0.004275501,-0.011794007,0.132315057,0.008837793,0.005958568,0.002805194,-0.020515456,-0.011745814,0.002060725,0.0033503,0.021307692,0.002406534,0.002159868,0.006682289,-0.010487885
0,0,0,0,-1,0,9.54E-18,0.365614553,0.001228606,0.017527221,0.003860017,0.049100644,-0.089687457,-0.002838213,-0.018423821,0.131118299,0.003845369,0.004108829,-0.003753084,-0.021092965,-0.010942584,0.000576825,0.001237748,0.017779766,0.003610781,-0.00241402,0.006101119,-0.009232341
0,0,0,0,-1,-3.82E-17,0,0.36712408,0.001546624,0.016626959,0.002637937,0.049953936,-0.094155841,-0.00216326,-0.01495953,0.133226711,0.003883908,0.004423941,-0.004019176,-0.018749604,-0.011413874,0.000849808,0.002167005,0.018643376,0.003622344,-0.000143211,0.006604331,-0.008572014
0,0,0,0,-1,-1.90E-17,-9.50E-18,0.363178736,0.007574964,0.00865892,0.003546091,0.047381335,-0.091842368,0.001645197,-0.010251768,0.131845579,0.005601954,0.003763489,-0.002267393,-0.02047975,-0.01136151,0.002288976,0.00595571,0.018541505,0.001994682,0.000778471,0.005283231,-0.007563513
0,0,0,0,-1,-1.90E-17,-2.85E-17,0.367219526,0.010014809,0.007263489,-0.002097984,0.051298391,-0.091525723,0.00178348,-0.012969051,0.134786008,0.006075761,0.006151013,-0.00791001,-0.020173723,-0.013593642,0.002940249,0.002978922,0.016490541,-0.001479275,-0.000143642,0.006745952,-0.009408781
0,0,0,0,-1,1.89E-17,5.66E-17,0.363197164,0.019890255,0.004089638,0.005619803,0.049675867,-0.08192899,0.007297086,0.000544006,0.130476113,0.01530745,0.008128252,-0.001805554,-0.022504739,-0.009798217,0.004460667,0.01108472,0.015493461,0.006132127,-0.000362666,0.009026219,-0.006329196
0,0,0,0,-1,9.52E-17,4.76E-17,0.367616535,0.009179091,0.009215142,-0.00127345,0.047540409,-0.093857634,0.001156578,-0.005429626,0.13716493,0.007663355,0.006931662,-0.006668638,-0.018226274,-0.014928571,0.003234852,0.003071336,0.014516166,0.001237163,0.001885539,0.006276941,-0.007513629
0,0,0,0,-1,3.80E-17,1.90E-17,0.367668463,0.010334346,0.020006384,0.0072331,0.044999436,-0.08871737,0.004873063,-0.00660929,0.138655793,0.009058718,0.016107364,0.001529176,-0.016766537,-0.01509152,0.004706038,0.001434786,0.015861363,-0.000450092,0.0001164,0.010413048,-0.007382957
0,0,0,0,-1,-1.90E-17,-1.90E-17,0.365191155,0.004092209,0.014741588,0.000543497,0.040338094,-0.094928541,0.001327613,-0.010807934,0.136145344,0.009856174,0.006496093,0.000207304,-0.013843069,-0.01341624,0.002113114,-0.000204394,0.013183364,0.002402263,-0.001171513,0.007026665,-0.00542432
0,0,0,0,-1,1.91E-17,-1.91E-17,0.367694859,-0.018490042,0.01795166,-0.004516368,0.033051341,-0.089419414,-0.002577955,-0.004355385,0.143716848,0.007306585,0.004762267,-0.005341384,-0.011319452,-0.019266294,0.008141859,0.000955346,0.013738189,0.00795909,-0.006806205,0.007717409,-0.006378176
0,0,0,0,-1,0,-2.86E-17,0.364538635,0.000374212,0.011409584,-0.003968461,0.036911967,-0.096815388,-0.004937278,-0.010762837,0.139283113,0.009572978,0.009200719,-0.004288531,-0.012161623,-0.014316125,5.50E-05,-6.87E-05,0.01461269,0.004518772,-0.00192351,0.007489864,-0.005261625
0,0,0,0,-1,-1.90E-17,4.75E-17,0.363001833,0.009604213,0.026917426,0.001910991,0.035174059,-0.097646245,0.004988093,-0.011056879,0.138958584,0.003318874,0.007107034,0.002589524,-0.013078478,-0.011414602,-0.000712898,0.001238014,0.016156923,0.005195768,-0.000825189,0.00936075,-0.002593905
0,0,0,0,-1,1.90E-17,-5.71E-17,0.361419979,-0.01542843,0.006084534,-0.011303135,0.0236832,-0.094133854,0.004920937,-0.005866595,0.143382823,0.005033549,-0.005470203,-0.006303891,-0.006672263,-0.016637992,0.007388495,0.002038496,0.016909597,0.005276992,-0.003741313,0.004101076,-0.004015164
0,0,0,0,-1,1.90E-17,2.85E-17,0.359732262,0.00028213,0.022558432,-0.002615611,0.025837173,-0.101471074,-0.005588561,-0.01169577,0.140634687,0.005594104,0.005397995,-0.00231982,-0.009082353,-0.011537938,0.003054512,-0.001213676,0.018811869,0.003308629,-0.004600679,0.008045384,-0.001787576
0,0,0,0,-1,-3.79E-17,-9.48E-18,0.357201066,0.001118518,0.016548276,-0.002609466,0.022089134,-0.097010205,-0.004484107,-0.004858957,0.139010365,0.008990696,0.003919624,-0.002217363,-0.007112146,-0.013024185,0.003664607,-0.000104385,0.016133285,0.00043909,-0.002797968,0.006417659,-0.003109292
0,0,0,0,-1,1.90E-17,1.90E-17,0.359365425,-0.007078348,0.009894195,-0.007481699,0.017294757,-0.096081452,-0.001301997,-0.006808251,0.141991967,0.006281059,-0.001591684,-0.005249794,-0.004780971,-0.015131606,0.008186909,0.000289077,0.016006983,0.000947159,-0.004611165,0.006548866,-0.00328943
0,0,0,0,-1,-3.78E-17,-4.72E-17,0.35688967,-0.001658424,0.009666783,-0.005528197,0.016201083,-0.094982583,-0.002507353,-0.007392017,0.138889705,0.008591366,0.002576974,-0.004623484,-0.004091472,-0.011400277,0.001523894,-0.000751647,0.017360353,0.000979728,-0.005803831,0.007726231,0.000500446
0,0,0,0,-1,1.89E-17,-2.83E-17,0.359764146,0.01520255,0.019835551,0.004246917,0.017531412,-0.091186346,0.003787983,-0.000501472,0.141292169,0.011216963,0.00995608,0.001727895,-0.005498708,-0.012162134,0.008031412,0.001295353,0.017534582,-0.001784621,-0.000229739,0.008072732,-0.000259591
0,0,0,0,-1,1.89E-17,4.24E-17,0.358115023,0.00908768,0.018764059,0.010292034,0.009282737,-0.089904933,0.005175037,0.004129997,0.137222791,0.009316504,0.012667007,0.004292335,-0.001666376,-0.012566152,0.008763855,0.000356688,0.012694576,-0.002750855,0.00349696,0.008783174,-0.003448553
0,0,0,0,-1,-3.81E-17,-6.67E-17,0.363427859,-0.008782867,-0.005055381,-0.006170676,0.001521431,-0.103683731,0.004545935,-0.003868492,0.139213421,0.006523474,0.001477317,-0.002707781,0.001675224,-0.017937838,0.002393585,0.000603273,0.01486687,-0.000848979,-0.000959391,0.007693896,-0.001828187
0,0,0,0,-1,9.54E-18,-2.39E-17,0.36364335,0.020323442,0.049879849,0.024826125,0.006521502,-0.097804294,0.010410779,0.00352899,0.140742994,0.007100861,0.019802755,0.014470905,-0.008116412,-0.016899531,0.007341951,0.007317854,0.016520413,0.000867197,-0.001913754,0.012616605,0.004952707
0,0,0,0,-1,2.86E-17,9.05E-17,0.364998874,0.00426852,0.040554618,0.010552555,0.008820607,-0.104038496,0.004351149,-0.00523541,0.139286734,0.000773201,0.0091274,0.005846223,-0.007838197,-0.01748614,0.003603512,0.007337012,0.012876,-0.000580423,-0.004930434,0.015426751,0.004761523
0,0,0,0,-1,-1.91E-17,5.72E-17,0.360240731,0.011483333,0.029920098,0.006425763,-0.00173995,-0.106302159,0.01167103,0.003633102,0.140316405,-0.002705813,0.005751517,0.001643993,0.000478282,-0.017336692,0.000719902,0.00132147,0.013807889,0.001322962,-0.005272723,0.009674814,0.000843153
0,0,0,0,-1,-3.79E-17,-2.84E-17,0.356296901,0.006937011,0.037554503,0.014837472,-0.002205811,-0.103201783,0.001810002,-0.004596707,0.139456693,-0.001437365,0.00967043,0.005960702,-0.001684836,-0.016104046,0.001805259,-0.001686847,0.01413509,0.001052081,-0.005995459,0.010664775,0.004169621
0,0,0,0,-1,1.90E-17,9.49E-17,0.359791547,0.011861742,0.024804227,0.006247013,-0.003552437,-0.101374644,0.003740766,-0.000547781,0.13799934,-0.002018483,0.002654752,0.003270594,0.00143913,-0.015238098,-0.000122345,-0.002565351,0.015099504,0.002292598,-0.002787163,0.010376674,0.001297766
0,0,0,0,-1,0,-9.46E-18,0.359251647,0.009201563,0.01914482,0.006550517,-0.01099941,-0.099604334,6.36E-05,9.32E-05,0.138521144,-0.00366865,0.006996218,0.004441741,0.005465573,-0.013951585,-0.001322762,-0.003831514,0.013214985,0.00102936,-0.001274505,0.013837147,0.002296635
0,0,0,0,-1,0,-2.84E-17,0.352570177,-0.003020667,0.037218142,0.020097385,-0.014420992,-0.102439998,-0.004842123,-0.004646022,0.137103555,0.001523533,0.010749997,0.009716267,0.005319402,-0.011801272,0.003178249,-0.002412913,0.017168451,-0.003400458,-0.000904263,0.012931223,0.004101351
0,0,0,0,-1,0,9.50E-18,0.360739446,0.009673639,0.036950366,0.018141121,-0.012679874,-0.0996533,0.001549078,0.001054256,0.143544154,0.00237283,0.010759547,0.006213865,0.006034061,-0.015734084,0.005661395,0.00069705,0.016041557,-0.001339508,-0.00212118,0.011504455,0.003150389
0,0,0,0,-1,-5.95E-18,-6.31E-17,0.361269355,-0.002853935,0.036347363,0.017983338,-0.015064618,-0.099451899,-0.004685797,-0.00394245,0.140803868,-0.002831335,0.014170803,0.006850225,0.00762358,-0.016181481,0.001565026,-0.004353766,0.014998763,-0.001030699,-0.004359774,0.013635599,0.004898835
0,0,0,0,-1,0,1.91E-17,0.368225387,0.014358829,0.038696521,0.010399613,-0.012441962,-0.100704589,0.006095031,-0.003502414,0.136344548,-0.001357887,0.00972321,0.005113617,-0.002930403,-0.013919801,0.001919803,0.006807126,0.009514614,0.001408921,-2.58E-05,0.018781987,0.008300676
0,0,0,0,-1,2.39E-17,7.18E-18,0.363309313,0.018619238,0.05275853,0.024094491,-0.019058106,-0.099874474,0.010715824,0.002003732,0.141461219,-0.004170796,0.013655701,0.011355191,0.004399122,-0.013923622,0.001276679,-0.001651346,0.015599536,-0.000432903,-0.003911101,0.015036464,0.005349047
0,0,0,0,-1,-5.62E-17,-6.56E-17,0.358722251,0.007469696,0.022881308,0.018897878,-0.019756351,-0.087273472,0.002169675,0.002614265,0.139301726,0.004032625,0.011115892,0.007094996,0.009939846,-0.008504676,0.007908214,0.000278984,0.016118285,-0.0026886,0.003727521,0.012432491,0.008858327
0,0,0,0,-1,-1.92E-17,-1.92E-17,0.36395275,0.030071877,0.037622028,0.015577532,-0.024008901,-0.097328495,0.013292797,0.004682445,0.138516714,-0.003516468,0.011993017,0.004283237,0.001275572,-0.017774751,0.00033479,0.000439325,0.014145099,0.000666999,-0.005376812,0.013697209,0.004928288
0,0,0,0,-1,-9.56E-18,-3.46E-17,0.36179815,0.024106422,0.04051363,0.023911435,-0.028048206,-0.088490276,0.012763429,0.004554759,0.133688298,-0.003056041,0.017013545,0.0122804,0.00431191,-0.012714162,0.005368768,-0.001450803,0.015590722,-0.003234061,0.001449465,0.015470528,0.00658803
0,0,0,0,-1,2.88E-17,7.21E-17,0.362108157,0.008266148,0.038715059,0.017519963,-0.033411366,-0.098456647,0.005880831,0.00046146,0.137166095,-0.006110413,0.009657803,0.006459246,0.007334504,-0.018317117,0.001197258,-0.006849008,0.016099969,-0.001669449,-0.006057388,0.009255625,0.009739196
0,0,0,0,-1,7.63E-17,3.81E-17,0.365163686,0.025340096,-0.004795186,0.00656473,-0.028757698,-0.088572316,-0.006537985,0.003905974,0.13831403,0.004875585,0.002832796,0.000763183,0.007317808,-0.009691149,0.00343118,-0.006673966,0.019653764,-0.00238918,0.003848255,0.006211092,0.010469516
0,0,0,0,-1,-9.64E-18,1.93E-17,0.368864363,0.018221639,0.023666329,0.014011237,-0.035962348,-0.092431365,0.00966059,0.002645868,0.134150314,-0.004984934,0.01110745,0.004991113,0.009826876,-0.015121081,0.003589977,-0.00477718,0.015885062,-0.005663207,-0.001094709,0.010522703,0.0059315
0,0,0,0,-1,1.96E-17,2.94E-17,0.37167253,0.026492,0.040192572,0.030030156,-0.038502313,-0.091875607,0.005996015,0.01001119,0.138443789,0.006860541,0.015920612,0.015094837,0.012548426,-0.011234919,0.009985053,0.002969796,0.017850204,-0.00423773,0.002279582,0.012903864,0.010047149
0,0,0,0,-1,0,3.56E-17,0.378924996,0.010360531,0.033822085,0.016095026,-0.042956827,-0.090491976,0.014652478,0.006529603,0.130401821,-0.004664235,0.015160536,0.009316502,0.015358203,-0.011929039,0.008477959,-0.000331645,0.012701899,-0.00521328,-0.000626751,0.013582391,0.004718097
0,0,0,0,-1,9.76E-18,-1.95E-17,0.374321148,0.022810272,0.022449609,0.028590562,-0.039458115,-0.082898273,0.001356026,0.01617153,0.137812702,0.009368796,0.010277451,0.01368974,0.015348237,-0.011334334,0.019225992,0.00028785,0.019735926,-0.008323235,0.009241653,0.009336113,0.01004333
0,0,0,0,-1,9.73E-18,-9.73E-18,0.381275503,0.039375705,0.042800852,0.037378135,-0.035604756,-0.064137575,0.015197954,0.014163126,0.136187247,0.019647208,0.021479629,0.015975595,0.011233505,-0.003313524,0.022679163,0.001700587,0.011661921,-0.004979847,0.012346252,0.017894687,0.000293871
